0 verbose cli C:\Program Files\nodejs\node.exe C:\Program Files\nodejs\node_modules\npm\bin\npm-cli.js
1 info using npm@11.6.2
2 info using node@v24.13.0
3 silly config load:file:C:\Program Files\nodejs\node_modules\npm\npmrc
4 silly config load:file:C:\Users\rivej\Documents\alphalog-pwa\.npmrc
5 silly config load:file:C:\Users\rivej\.npmrc
6 silly config load:file:C:\Users\rivej\AppData\Roaming\npm\etc\npmrc
7 verbose title npm install
8 verbose argv "install" "--no-audit" "--no-fund" "--cache" ".npm-cache"
9 verbose logfile logs-max:10 dir:C:\Users\rivej\Documents\alphalog-pwa\.npm-cache\_logs\2026-01-25T23_53_16_250Z-
10 verbose logfile C:\Users\rivej\Documents\alphalog-pwa\.npm-cache\_logs\2026-01-25T23_53_16_250Z-debug-0.log
11 silly logfile done cleaning log files
12 silly packumentCache heap:4496293888 maxSize:1124073472 maxEntrySize:562036736
13 silly idealTree buildDeps
14 silly fetch manifest next-pwa@^5.6.0
15 silly packumentCache full:https://registry.npmjs.org/next-pwa cache-miss
16 http fetch GET 200 https://registry.npmjs.org/next-pwa 381ms (cache miss)
17 silly packumentCache full:https://registry.npmjs.org/next-pwa set size:undefined disposed:false
18 silly fetch manifest next@16.1.1
19 silly packumentCache full:https://registry.npmjs.org/next cache-miss
20 http fetch GET 200 https://registry.npmjs.org/next 360ms (cache miss)
21 silly packumentCache full:https://registry.npmjs.org/next set size:undefined disposed:false
22 silly fetch manifest @opentelemetry/api@^1.1.0
23 silly packumentCache full:https://registry.npmjs.org/@opentelemetry%2fapi cache-miss
24 http fetch GET 200 https://registry.npmjs.org/@opentelemetry%2fapi 84ms (cache miss)
25 silly packumentCache full:https://registry.npmjs.org/@opentelemetry%2fapi set size:undefined disposed:false
26 silly fetch manifest @playwright/test@^1.57.0
27 silly packumentCache full:https://registry.npmjs.org/@playwright%2ftest cache-miss
28 http fetch GET 200 https://registry.npmjs.org/@playwright%2ftest 183ms (cache miss)
29 silly packumentCache full:https://registry.npmjs.org/@playwright%2ftest set size:undefined disposed:false
30 silly fetch manifest babel-plugin-react-compiler@1.0.0
31 silly packumentCache full:https://registry.npmjs.org/babel-plugin-react-compiler cache-miss
32 http fetch GET 200 https://registry.npmjs.org/babel-plugin-react-compiler 73ms (cache miss)
33 silly packumentCache full:https://registry.npmjs.org/babel-plugin-react-compiler set size:undefined disposed:false
34 silly fetch manifest react@19.2.3
35 silly packumentCache full:https://registry.npmjs.org/react cache-miss
36 http fetch GET 200 https://registry.npmjs.org/react 139ms (cache miss)
37 silly packumentCache full:https://registry.npmjs.org/react set size:undefined disposed:false
38 silly fetch manifest react-dom@19.2.3
39 silly packumentCache full:https://registry.npmjs.org/react-dom cache-miss
40 http fetch GET 200 https://registry.npmjs.org/react-dom 157ms (cache miss)
41 silly packumentCache full:https://registry.npmjs.org/react-dom set size:undefined disposed:false
42 silly fetch manifest sass@^1.3.0
43 silly packumentCache full:https://registry.npmjs.org/sass cache-miss
44 http fetch GET 200 https://registry.npmjs.org/sass 70ms (cache miss)
45 silly packumentCache full:https://registry.npmjs.org/sass set size:undefined disposed:false
46 silly placeDep ROOT next-pwa@5.6.0 OK for: alphalog-pwa@0.1.0 want: ^5.6.0
47 silly fetch manifest babel-loader@^8.2.5
48 silly packumentCache full:https://registry.npmjs.org/babel-loader cache-miss
49 silly fetch manifest clean-webpack-plugin@^4.0.0
50 silly packumentCache full:https://registry.npmjs.org/clean-webpack-plugin cache-miss
51 silly fetch manifest globby@^11.0.4
52 silly packumentCache full:https://registry.npmjs.org/globby cache-miss
53 silly fetch manifest terser-webpack-plugin@^5.3.3
54 silly packumentCache full:https://registry.npmjs.org/terser-webpack-plugin cache-miss
55 silly fetch manifest workbox-webpack-plugin@^6.5.4
56 silly packumentCache full:https://registry.npmjs.org/workbox-webpack-plugin cache-miss
57 silly fetch manifest workbox-window@^6.5.4
58 silly packumentCache full:https://registry.npmjs.org/workbox-window cache-miss
59 http fetch GET 200 https://registry.npmjs.org/babel-loader 67ms (cache miss)
60 silly packumentCache full:https://registry.npmjs.org/babel-loader set size:undefined disposed:false
61 http fetch GET 200 https://registry.npmjs.org/clean-webpack-plugin 200ms (cache miss)
62 silly packumentCache full:https://registry.npmjs.org/clean-webpack-plugin set size:undefined disposed:false
63 http fetch GET 200 https://registry.npmjs.org/globby 206ms (cache miss)
64 silly packumentCache full:https://registry.npmjs.org/globby set size:undefined disposed:false
65 http fetch GET 200 https://registry.npmjs.org/workbox-window 241ms (cache miss)
66 silly packumentCache full:https://registry.npmjs.org/workbox-window set size:undefined disposed:false
67 http fetch GET 200 https://registry.npmjs.org/terser-webpack-plugin 262ms (cache miss)
68 silly packumentCache full:https://registry.npmjs.org/terser-webpack-plugin set size:undefined disposed:false
69 http fetch GET 200 https://registry.npmjs.org/workbox-webpack-plugin 284ms (cache miss)
70 silly packumentCache full:https://registry.npmjs.org/workbox-webpack-plugin set size:undefined disposed:false
71 silly fetch manifest @babel/core@^7.0.0
72 silly packumentCache full:https://registry.npmjs.org/@babel%2fcore cache-miss
73 http fetch GET 200 https://registry.npmjs.org/@babel%2fcore 87ms (cache miss)
74 silly packumentCache full:https://registry.npmjs.org/@babel%2fcore set size:undefined disposed:false
75 silly fetch manifest webpack@>=2
76 silly packumentCache full:https://registry.npmjs.org/webpack cache-miss
77 http fetch GET 200 https://registry.npmjs.org/webpack 219ms (cache miss)
78 silly packumentCache full:https://registry.npmjs.org/webpack set size:undefined disposed:false
79 silly fetch manifest webpack@>=4.0.0 <6.0.0
80 silly packumentCache full:https://registry.npmjs.org/webpack cache-miss
81 http cache https://registry.npmjs.org/webpack 14ms (cache hit)
82 silly packumentCache full:https://registry.npmjs.org/webpack set size:4926367 disposed:false
83 silly fetch manifest webpack@^5.1.0
84 silly packumentCache full:https://registry.npmjs.org/webpack cache-miss
85 http cache https://registry.npmjs.org/webpack 11ms (cache hit)
86 silly packumentCache full:https://registry.npmjs.org/webpack set size:4926367 disposed:false
87 silly fetch manifest webpack@^4.4.0 || ^5.9.0
88 silly packumentCache full:https://registry.npmjs.org/webpack cache-miss
89 http cache https://registry.npmjs.org/webpack 9ms (cache hit)
90 silly packumentCache full:https://registry.npmjs.org/webpack set size:4926367 disposed:false
91 silly placeDep ROOT babel-loader@8.4.1 OK for: next-pwa@5.6.0 want: ^8.2.5
92 silly placeDep ROOT webpack@5.104.1 OK for: babel-loader@8.4.1 want: >=2
93 silly placeDep ROOT clean-webpack-plugin@4.0.0 OK for: next-pwa@5.6.0 want: ^4.0.0
94 silly placeDep ROOT globby@11.1.0 OK for: next-pwa@5.6.0 want: ^11.0.4
95 silly placeDep ROOT terser-webpack-plugin@5.3.16 OK for: next-pwa@5.6.0 want: ^5.3.3
96 silly placeDep ROOT workbox-webpack-plugin@6.6.0 OK for: next-pwa@5.6.0 want: ^6.5.4
97 silly placeDep ROOT workbox-window@6.6.0 OK for: next-pwa@5.6.0 want: ^6.5.4
98 silly fetch manifest make-dir@^3.1.0
99 silly packumentCache full:https://registry.npmjs.org/make-dir cache-miss
100 silly fetch manifest loader-utils@^2.0.4
101 silly packumentCache full:https://registry.npmjs.org/loader-utils cache-miss
102 silly fetch manifest schema-utils@^2.6.5
103 silly packumentCache full:https://registry.npmjs.org/schema-utils cache-miss
104 silly fetch manifest find-cache-dir@^3.3.1
105 silly packumentCache full:https://registry.npmjs.org/find-cache-dir cache-miss
106 silly fetch manifest @types/eslint-scope@^3.7.7
107 silly packumentCache full:https://registry.npmjs.org/@types%2feslint-scope cache-miss
108 silly fetch manifest @webassemblyjs/ast@^1.14.1
109 silly packumentCache full:https://registry.npmjs.org/@webassemblyjs%2fast cache-miss
110 silly fetch manifest @webassemblyjs/wasm-edit@^1.14.1
111 silly packumentCache full:https://registry.npmjs.org/@webassemblyjs%2fwasm-edit cache-miss
112 silly fetch manifest @webassemblyjs/wasm-parser@^1.14.1
113 silly packumentCache full:https://registry.npmjs.org/@webassemblyjs%2fwasm-parser cache-miss
114 silly fetch manifest acorn-import-phases@^1.0.3
115 silly packumentCache full:https://registry.npmjs.org/acorn-import-phases cache-miss
116 silly fetch manifest chrome-trace-event@^1.0.2
117 silly packumentCache full:https://registry.npmjs.org/chrome-trace-event cache-miss
118 silly fetch manifest es-module-lexer@^2.0.0
119 silly packumentCache full:https://registry.npmjs.org/es-module-lexer cache-miss
120 silly fetch manifest eslint-scope@5.1.1
121 silly packumentCache full:https://registry.npmjs.org/eslint-scope cache-miss
122 silly fetch manifest events@^3.2.0
123 silly packumentCache full:https://registry.npmjs.org/events cache-miss
124 silly fetch manifest glob-to-regexp@^0.4.1
125 silly packumentCache full:https://registry.npmjs.org/glob-to-regexp cache-miss
126 silly fetch manifest json-parse-even-better-errors@^2.3.1
127 silly packumentCache full:https://registry.npmjs.org/json-parse-even-better-errors cache-miss
128 silly fetch manifest loader-runner@^4.3.1
129 silly packumentCache full:https://registry.npmjs.org/loader-runner cache-miss
130 silly fetch manifest neo-async@^2.6.2
131 silly packumentCache full:https://registry.npmjs.org/neo-async cache-miss
132 silly fetch manifest schema-utils@^4.3.3
133 silly packumentCache full:https://registry.npmjs.org/schema-utils cache-miss
134 silly fetch manifest terser-webpack-plugin@^5.3.16
135 silly packumentCache full:https://registry.npmjs.org/terser-webpack-plugin cache-miss
136 silly fetch manifest watchpack@^2.4.4
137 silly packumentCache full:https://registry.npmjs.org/watchpack cache-miss
138 silly fetch manifest webpack-sources@^3.3.3
139 silly packumentCache full:https://registry.npmjs.org/webpack-sources cache-miss
140 silly fetch manifest del@^4.1.1
141 silly packumentCache full:https://registry.npmjs.org/del cache-miss
142 silly fetch manifest slash@^3.0.0
143 silly packumentCache full:https://registry.npmjs.org/slash cache-miss
144 http cache https://registry.npmjs.org/terser-webpack-plugin 19ms (cache hit)
145 silly packumentCache full:https://registry.npmjs.org/terser-webpack-plugin set size:386484 disposed:false
146 silly fetch manifest dir-glob@^3.0.1
147 silly packumentCache full:https://registry.npmjs.org/dir-glob cache-miss
148 http fetch GET 200 https://registry.npmjs.org/make-dir 70ms (cache miss)
149 silly packumentCache full:https://registry.npmjs.org/make-dir set size:undefined disposed:false
150 silly fetch manifest array-union@^2.1.0
151 silly packumentCache full:https://registry.npmjs.org/array-union cache-miss
152 http fetch GET 200 https://registry.npmjs.org/find-cache-dir 74ms (cache miss)
153 silly packumentCache full:https://registry.npmjs.org/find-cache-dir set size:undefined disposed:false
154 silly fetch manifest jest-worker@^27.4.5
155 silly packumentCache full:https://registry.npmjs.org/jest-worker cache-miss
156 http fetch GET 200 https://registry.npmjs.org/schema-utils 77ms (cache miss)
157 silly packumentCache full:https://registry.npmjs.org/schema-utils set size:undefined disposed:false
158 silly fetch manifest schema-utils@^4.3.0
159 silly packumentCache full:https://registry.npmjs.org/schema-utils cache-miss
160 http cache https://registry.npmjs.org/schema-utils 5ms (cache hit)
161 silly packumentCache full:https://registry.npmjs.org/schema-utils set size:166364 disposed:false
162 silly fetch manifest serialize-javascript@^6.0.2
163 silly packumentCache full:https://registry.npmjs.org/serialize-javascript cache-miss
164 http fetch GET 200 https://registry.npmjs.org/@types%2feslint-scope 101ms (cache miss)
165 silly packumentCache full:https://registry.npmjs.org/@types%2feslint-scope set size:undefined disposed:false
166 silly fetch manifest terser@^5.31.1
167 silly packumentCache full:https://registry.npmjs.org/terser cache-miss
168 http fetch GET 200 https://registry.npmjs.org/@webassemblyjs%2fast 102ms (cache miss)
169 silly packumentCache full:https://registry.npmjs.org/@webassemblyjs%2fast set size:undefined disposed:false
170 silly fetch manifest upath@^1.2.0
171 silly packumentCache full:https://registry.npmjs.org/upath cache-miss
172 http fetch GET 200 https://registry.npmjs.org/loader-utils 107ms (cache miss)
173 silly packumentCache full:https://registry.npmjs.org/loader-utils set size:undefined disposed:false
174 silly fetch manifest pretty-bytes@^5.4.1
175 silly packumentCache full:https://registry.npmjs.org/pretty-bytes cache-miss
176 http fetch GET 200 https://registry.npmjs.org/schema-utils 142ms (cache miss)
177 silly packumentCache full:https://registry.npmjs.org/schema-utils set size:undefined disposed:false
178 silly packumentCache full:https://registry.npmjs.org/schema-utils dispose
179 silly fetch manifest workbox-build@6.6.0
180 silly packumentCache full:https://registry.npmjs.org/workbox-build cache-miss
181 http fetch GET 200 https://registry.npmjs.org/loader-runner 144ms (cache miss)
182 silly packumentCache full:https://registry.npmjs.org/loader-runner set size:undefined disposed:false
183 silly fetch manifest webpack-sources@^1.4.3
184 silly packumentCache full:https://registry.npmjs.org/webpack-sources cache-miss
185 http fetch GET 200 https://registry.npmjs.org/webpack-sources 148ms (cache miss)
186 silly packumentCache full:https://registry.npmjs.org/webpack-sources set size:undefined disposed:false
187 silly fetch manifest workbox-core@6.6.0
188 silly packumentCache full:https://registry.npmjs.org/workbox-core cache-miss
189 http fetch GET 200 https://registry.npmjs.org/watchpack 165ms (cache miss)
190 silly packumentCache full:https://registry.npmjs.org/watchpack set size:undefined disposed:false
191 silly fetch manifest @types/trusted-types@^2.0.2
192 silly packumentCache full:https://registry.npmjs.org/@types%2ftrusted-types cache-miss
193 http fetch GET 200 https://registry.npmjs.org/slash 167ms (cache miss)
194 silly packumentCache full:https://registry.npmjs.org/slash set size:undefined disposed:false
195 http fetch GET 200 https://registry.npmjs.org/neo-async 176ms (cache miss)
196 silly packumentCache full:https://registry.npmjs.org/neo-async set size:undefined disposed:false
197 http fetch GET 200 https://registry.npmjs.org/del 199ms (cache miss)
198 silly packumentCache full:https://registry.npmjs.org/del set size:undefined disposed:false
199 http fetch GET 200 https://registry.npmjs.org/events 205ms (cache miss)
200 silly packumentCache full:https://registry.npmjs.org/events set size:undefined disposed:false
201 http fetch GET 200 https://registry.npmjs.org/dir-glob 187ms (cache miss)
202 silly packumentCache full:https://registry.npmjs.org/dir-glob set size:undefined disposed:false
203 http fetch GET 200 https://registry.npmjs.org/chrome-trace-event 212ms (cache miss)
204 silly packumentCache full:https://registry.npmjs.org/chrome-trace-event set size:undefined disposed:false
205 http fetch GET 200 https://registry.npmjs.org/array-union 143ms (cache miss)
206 silly packumentCache full:https://registry.npmjs.org/array-union set size:undefined disposed:false
207 http fetch GET 200 https://registry.npmjs.org/json-parse-even-better-errors 214ms (cache miss)
208 silly packumentCache full:https://registry.npmjs.org/json-parse-even-better-errors set size:undefined disposed:false
209 http fetch GET 200 https://registry.npmjs.org/@webassemblyjs%2fwasm-parser 231ms (cache miss)
210 silly packumentCache full:https://registry.npmjs.org/@webassemblyjs%2fwasm-parser set size:undefined disposed:false
211 http fetch GET 200 https://registry.npmjs.org/eslint-scope 243ms (cache miss)
212 silly packumentCache full:https://registry.npmjs.org/eslint-scope set size:undefined disposed:false
213 http fetch GET 200 https://registry.npmjs.org/acorn-import-phases 245ms (cache miss)
214 silly packumentCache full:https://registry.npmjs.org/acorn-import-phases set size:undefined disposed:false
215 http fetch GET 200 https://registry.npmjs.org/serialize-javascript 163ms (cache miss)
216 silly packumentCache full:https://registry.npmjs.org/serialize-javascript set size:undefined disposed:false
217 http fetch GET 200 https://registry.npmjs.org/jest-worker 177ms (cache miss)
218 silly packumentCache full:https://registry.npmjs.org/jest-worker set size:undefined disposed:false
219 http fetch GET 200 https://registry.npmjs.org/es-module-lexer 253ms (cache miss)
220 silly packumentCache full:https://registry.npmjs.org/es-module-lexer set size:undefined disposed:false
221 http fetch GET 200 https://registry.npmjs.org/@webassemblyjs%2fwasm-edit 257ms (cache miss)
222 silly packumentCache full:https://registry.npmjs.org/@webassemblyjs%2fwasm-edit set size:undefined disposed:false
223 http fetch GET 200 https://registry.npmjs.org/glob-to-regexp 257ms (cache miss)
224 silly packumentCache full:https://registry.npmjs.org/glob-to-regexp set size:undefined disposed:false
225 http fetch GET 200 https://registry.npmjs.org/upath 168ms (cache miss)
226 silly packumentCache full:https://registry.npmjs.org/upath set size:undefined disposed:false
227 http fetch GET 200 https://registry.npmjs.org/workbox-build 130ms (cache miss)
228 silly packumentCache full:https://registry.npmjs.org/workbox-build set size:undefined disposed:false
229 http fetch GET 200 https://registry.npmjs.org/terser 179ms (cache miss)
230 silly packumentCache full:https://registry.npmjs.org/terser set size:undefined disposed:false
231 http fetch GET 200 https://registry.npmjs.org/pretty-bytes 179ms (cache miss)
232 silly packumentCache full:https://registry.npmjs.org/pretty-bytes set size:undefined disposed:false
233 http fetch GET 200 https://registry.npmjs.org/workbox-core 137ms (cache miss)
234 silly packumentCache full:https://registry.npmjs.org/workbox-core set size:undefined disposed:false
235 http fetch GET 200 https://registry.npmjs.org/webpack-sources 146ms (cache miss)
236 silly packumentCache full:https://registry.npmjs.org/webpack-sources set size:undefined disposed:false
237 http fetch GET 200 https://registry.npmjs.org/@types%2ftrusted-types 128ms (cache miss)
238 silly packumentCache full:https://registry.npmjs.org/@types%2ftrusted-types set size:undefined disposed:false
239 silly placeDep ROOT find-cache-dir@3.3.2 OK for: babel-loader@8.4.1 want: ^3.3.1
240 silly placeDep ROOT loader-utils@2.0.4 OK for: babel-loader@8.4.1 want: ^2.0.4
241 silly placeDep ROOT make-dir@3.1.0 OK for: babel-loader@8.4.1 want: ^3.1.0
242 silly placeDep ROOT schema-utils@2.7.1 OK for: babel-loader@8.4.1 want: ^2.6.5
243 silly fetch manifest pkg-dir@^4.1.0
244 silly packumentCache full:https://registry.npmjs.org/pkg-dir cache-miss
245 silly fetch manifest make-dir@^3.0.2
246 silly packumentCache full:https://registry.npmjs.org/make-dir cache-miss
247 silly fetch manifest commondir@^1.0.1
248 silly packumentCache full:https://registry.npmjs.org/commondir cache-miss
249 silly fetch manifest big.js@^5.2.2
250 silly packumentCache full:https://registry.npmjs.org/big.js cache-miss
251 silly fetch manifest emojis-list@^3.0.0
252 silly packumentCache full:https://registry.npmjs.org/emojis-list cache-miss
253 silly fetch manifest ajv-keywords@^3.5.2
254 silly packumentCache full:https://registry.npmjs.org/ajv-keywords cache-miss
255 http cache https://registry.npmjs.org/make-dir 5ms (cache hit)
256 silly packumentCache full:https://registry.npmjs.org/make-dir set size:34889 disposed:false
257 http fetch GET 200 https://registry.npmjs.org/emojis-list 64ms (cache miss)
258 silly packumentCache full:https://registry.npmjs.org/emojis-list set size:undefined disposed:false
259 http fetch GET 200 https://registry.npmjs.org/pkg-dir 65ms (cache miss)
260 silly packumentCache full:https://registry.npmjs.org/pkg-dir set size:undefined disposed:false
261 http fetch GET 200 https://registry.npmjs.org/ajv-keywords 70ms (cache miss)
262 silly packumentCache full:https://registry.npmjs.org/ajv-keywords set size:undefined disposed:false
263 http fetch GET 200 https://registry.npmjs.org/big.js 75ms (cache miss)
264 silly packumentCache full:https://registry.npmjs.org/big.js set size:undefined disposed:false
265 http fetch GET 200 https://registry.npmjs.org/commondir 77ms (cache miss)
266 silly packumentCache full:https://registry.npmjs.org/commondir set size:undefined disposed:false
267 silly placeDep ROOT del@4.1.1 OK for: clean-webpack-plugin@4.0.0 want: ^4.1.1
268 silly fetch manifest pify@^4.0.1
269 silly packumentCache full:https://registry.npmjs.org/pify cache-miss
270 silly fetch manifest p-map@^2.0.0
271 silly packumentCache full:https://registry.npmjs.org/p-map cache-miss
272 silly fetch manifest globby@^6.1.0
273 silly packumentCache full:https://registry.npmjs.org/globby cache-miss
274 silly fetch manifest rimraf@^2.6.3
275 silly packumentCache full:https://registry.npmjs.org/rimraf cache-miss
276 silly fetch manifest @types/glob@^7.1.1
277 silly packumentCache full:https://registry.npmjs.org/@types%2fglob cache-miss
278 silly fetch manifest is-path-cwd@^2.0.0
279 silly packumentCache full:https://registry.npmjs.org/is-path-cwd cache-miss
280 silly fetch manifest is-path-in-cwd@^2.0.0
281 silly packumentCache full:https://registry.npmjs.org/is-path-in-cwd cache-miss
282 http cache https://registry.npmjs.org/globby 5ms (cache hit)
283 silly packumentCache full:https://registry.npmjs.org/globby set size:154712 disposed:false
284 http fetch GET 200 https://registry.npmjs.org/pify 65ms (cache miss)
285 silly packumentCache full:https://registry.npmjs.org/pify set size:undefined disposed:false
286 http fetch GET 200 https://registry.npmjs.org/is-path-in-cwd 68ms (cache miss)
287 silly packumentCache full:https://registry.npmjs.org/is-path-in-cwd set size:undefined disposed:false
288 http fetch GET 200 https://registry.npmjs.org/is-path-cwd 70ms (cache miss)
289 silly packumentCache full:https://registry.npmjs.org/is-path-cwd set size:undefined disposed:false
290 http fetch GET 200 https://registry.npmjs.org/rimraf 74ms (cache miss)
291 silly packumentCache full:https://registry.npmjs.org/rimraf set size:undefined disposed:false
292 http fetch GET 200 https://registry.npmjs.org/@types%2fglob 83ms (cache miss)
293 silly packumentCache full:https://registry.npmjs.org/@types%2fglob set size:undefined disposed:false
294 http fetch GET 200 https://registry.npmjs.org/p-map 116ms (cache miss)
295 silly packumentCache full:https://registry.npmjs.org/p-map set size:undefined disposed:false
296 silly placeDep ROOT @types/glob@7.2.0 OK for: del@4.1.1 want: ^7.1.1
297 silly placeDep node_modules/del globby@6.1.0 OK for: del@4.1.1 want: ^6.1.0
298 silly placeDep ROOT is-path-cwd@2.2.0 OK for: del@4.1.1 want: ^2.0.0
299 silly placeDep ROOT is-path-in-cwd@2.1.0 OK for: del@4.1.1 want: ^2.0.0
300 silly placeDep ROOT p-map@2.1.0 OK for: del@4.1.1 want: ^2.0.0
301 silly placeDep ROOT pify@4.0.1 OK for: del@4.1.1 want: ^4.0.1
302 silly placeDep ROOT rimraf@2.7.1 OK for: del@4.1.1 want: ^2.6.3
303 silly fetch manifest @types/minimatch@*
304 silly packumentCache full:https://registry.npmjs.org/@types%2fminimatch cache-miss
305 silly fetch manifest glob@^7.0.3
306 silly packumentCache full:https://registry.npmjs.org/glob cache-miss
307 silly fetch manifest pify@^2.0.0
308 silly packumentCache full:https://registry.npmjs.org/pify cache-miss
309 silly fetch manifest array-union@^1.0.1
310 silly packumentCache full:https://registry.npmjs.org/array-union cache-miss
311 silly fetch manifest pinkie-promise@^2.0.0
312 silly packumentCache full:https://registry.npmjs.org/pinkie-promise cache-miss
313 silly fetch manifest is-path-inside@^2.1.0
314 silly packumentCache full:https://registry.npmjs.org/is-path-inside cache-miss
315 silly fetch manifest glob@^7.1.3
316 silly packumentCache full:https://registry.npmjs.org/glob cache-miss
317 http cache https://registry.npmjs.org/array-union 5ms (cache hit)
318 silly packumentCache full:https://registry.npmjs.org/array-union set size:18386 disposed:false
319 http cache https://registry.npmjs.org/pify 6ms (cache hit)
320 silly packumentCache full:https://registry.npmjs.org/pify set size:33583 disposed:false
321 http fetch GET 200 https://registry.npmjs.org/pinkie-promise 70ms (cache miss)
322 silly packumentCache full:https://registry.npmjs.org/pinkie-promise set size:undefined disposed:false
323 http fetch GET 200 https://registry.npmjs.org/is-path-inside 72ms (cache miss)
324 silly packumentCache full:https://registry.npmjs.org/is-path-inside set size:undefined disposed:false
325 http fetch GET 200 https://registry.npmjs.org/@types%2fminimatch 77ms (cache miss)
326 silly packumentCache full:https://registry.npmjs.org/@types%2fminimatch set size:undefined disposed:false
327 http fetch GET 200 https://registry.npmjs.org/glob 78ms (cache miss)
328 silly packumentCache full:https://registry.npmjs.org/glob set size:undefined disposed:false
329 http fetch GET 200 https://registry.npmjs.org/glob 115ms (cache miss)
330 silly packumentCache full:https://registry.npmjs.org/glob set size:undefined disposed:false
331 silly placeDep ROOT @types/minimatch@5.1.2 OK for: @types/glob@7.2.0 want: *
332 silly placeDep ROOT commondir@1.0.1 OK for: find-cache-dir@3.3.2 want: ^1.0.1
333 silly placeDep ROOT pkg-dir@4.2.0 OK for: find-cache-dir@3.3.2 want: ^4.1.0
334 silly fetch manifest find-up@^4.0.0
335 silly packumentCache full:https://registry.npmjs.org/find-up cache-miss
336 http fetch GET 200 https://registry.npmjs.org/find-up 70ms (cache miss)
337 silly packumentCache full:https://registry.npmjs.org/find-up set size:undefined disposed:false
338 silly placeDep ROOT array-union@2.1.0 OK for: globby@11.1.0 want: ^2.1.0
339 silly placeDep ROOT dir-glob@3.0.1 OK for: globby@11.1.0 want: ^3.0.1
340 silly placeDep ROOT slash@3.0.0 OK for: globby@11.1.0 want: ^3.0.0
341 silly fetch manifest path-type@^4.0.0
342 silly packumentCache full:https://registry.npmjs.org/path-type cache-miss
343 http fetch GET 200 https://registry.npmjs.org/path-type 123ms (cache miss)
344 silly packumentCache full:https://registry.npmjs.org/path-type set size:undefined disposed:false
345 silly placeDep ROOT path-type@4.0.0 OK for: dir-glob@3.0.1 want: ^4.0.0
346 silly placeDep ROOT is-path-inside@2.1.0 OK for: is-path-in-cwd@2.1.0 want: ^2.1.0
347 silly fetch manifest path-is-inside@^1.0.2
348 silly packumentCache full:https://registry.npmjs.org/path-is-inside cache-miss
349 http fetch GET 200 https://registry.npmjs.org/path-is-inside 68ms (cache miss)
350 silly packumentCache full:https://registry.npmjs.org/path-is-inside set size:undefined disposed:false
351 silly placeDep ROOT path-is-inside@1.0.2 OK for: is-path-inside@2.1.0 want: ^1.0.2
352 silly placeDep ROOT big.js@5.2.2 OK for: loader-utils@2.0.4 want: ^5.2.2
353 silly placeDep ROOT emojis-list@3.0.0 OK for: loader-utils@2.0.4 want: ^3.0.0
354 silly placeDep node_modules/pkg-dir find-up@4.1.0 OK for: pkg-dir@4.2.0 want: ^4.0.0
355 silly fetch manifest locate-path@^5.0.0
356 silly packumentCache full:https://registry.npmjs.org/locate-path cache-miss
357 http fetch GET 200 https://registry.npmjs.org/locate-path 74ms (cache miss)
358 silly packumentCache full:https://registry.npmjs.org/locate-path set size:undefined disposed:false
359 silly placeDep ROOT glob@7.2.3 OK for: rimraf@2.7.1 want: ^7.1.3
360 silly fetch manifest once@^1.3.0
361 silly packumentCache full:https://registry.npmjs.org/once cache-miss
362 silly fetch manifest inflight@^1.0.4
363 silly packumentCache full:https://registry.npmjs.org/inflight cache-miss
364 silly fetch manifest fs.realpath@^1.0.0
365 silly packumentCache full:https://registry.npmjs.org/fs.realpath cache-miss
366 silly fetch manifest path-is-absolute@^1.0.0
367 silly packumentCache full:https://registry.npmjs.org/path-is-absolute cache-miss
368 http fetch GET 200 https://registry.npmjs.org/once 66ms (cache miss)
369 silly packumentCache full:https://registry.npmjs.org/once set size:undefined disposed:false
370 http fetch GET 200 https://registry.npmjs.org/path-is-absolute 66ms (cache miss)
371 silly packumentCache full:https://registry.npmjs.org/path-is-absolute set size:undefined disposed:false
372 http fetch GET 200 https://registry.npmjs.org/fs.realpath 68ms (cache miss)
373 silly packumentCache full:https://registry.npmjs.org/fs.realpath set size:undefined disposed:false
374 http fetch GET 200 https://registry.npmjs.org/inflight 72ms (cache miss)
375 silly packumentCache full:https://registry.npmjs.org/inflight set size:undefined disposed:false
376 silly placeDep ROOT fs.realpath@1.0.0 OK for: glob@7.2.3 want: ^1.0.0
377 silly placeDep ROOT inflight@1.0.6 OK for: glob@7.2.3 want: ^1.0.4
378 silly placeDep ROOT once@1.4.0 OK for: glob@7.2.3 want: ^1.3.0
379 silly placeDep ROOT path-is-absolute@1.0.1 OK for: glob@7.2.3 want: ^1.0.0
380 silly fetch manifest wrappy@1
381 silly packumentCache full:https://registry.npmjs.org/wrappy cache-miss
382 silly fetch manifest wrappy@1
383 silly packumentCache full:https://registry.npmjs.org/wrappy cache-miss
384 http fetch GET 200 https://registry.npmjs.org/wrappy 66ms (cache miss)
385 silly packumentCache full:https://registry.npmjs.org/wrappy set size:undefined disposed:false
386 http fetch GET 200 https://registry.npmjs.org/wrappy 66ms (cache miss)
387 silly packumentCache full:https://registry.npmjs.org/wrappy set size:undefined disposed:false
388 silly placeDep ROOT wrappy@1.0.2 OK for: inflight@1.0.6 want: 1
389 silly fetch manifest ajv@^6.12.4
390 silly packumentCache full:https://registry.npmjs.org/ajv cache-miss
391 http fetch GET 200 https://registry.npmjs.org/ajv 122ms (cache miss)
392 silly packumentCache full:https://registry.npmjs.org/ajv set size:undefined disposed:false
393 silly placeDep ROOT ajv-keywords@3.5.2 OK for: schema-utils@2.7.1 want: ^3.5.2
394 silly placeDep ROOT jest-worker@27.5.1 OK for: terser-webpack-plugin@5.3.16 want: ^27.4.5
395 silly placeDep node_modules/terser-webpack-plugin schema-utils@4.3.3 OK for: terser-webpack-plugin@5.3.16 want: ^4.3.0
396 silly placeDep ROOT serialize-javascript@6.0.2 OK for: terser-webpack-plugin@5.3.16 want: ^6.0.2
397 silly placeDep ROOT terser@5.46.0 OK for: terser-webpack-plugin@5.3.16 want: ^5.31.1
398 silly fetch manifest merge-stream@^2.0.0
399 silly packumentCache full:https://registry.npmjs.org/merge-stream cache-miss
400 silly fetch manifest supports-color@^8.0.0
401 silly packumentCache full:https://registry.npmjs.org/supports-color cache-miss
402 silly fetch manifest ajv@^8.9.0
403 silly packumentCache full:https://registry.npmjs.org/ajv cache-miss
404 silly fetch manifest ajv-formats@^2.1.1
405 silly packumentCache full:https://registry.npmjs.org/ajv-formats cache-miss
406 silly fetch manifest ajv-keywords@^5.1.0
407 silly packumentCache full:https://registry.npmjs.org/ajv-keywords cache-miss
408 silly fetch manifest randombytes@^2.1.0
409 silly packumentCache full:https://registry.npmjs.org/randombytes cache-miss
410 silly fetch manifest @jridgewell/source-map@^0.3.3
411 silly packumentCache full:https://registry.npmjs.org/@jridgewell%2fsource-map cache-miss
412 silly fetch manifest commander@^2.20.0
413 silly packumentCache full:https://registry.npmjs.org/commander cache-miss
414 silly fetch manifest source-map-support@~0.5.20
415 silly packumentCache full:https://registry.npmjs.org/source-map-support cache-miss
416 http cache https://registry.npmjs.org/ajv-keywords 6ms (cache hit)
417 silly packumentCache full:https://registry.npmjs.org/ajv-keywords set size:310004 disposed:false
418 http cache https://registry.npmjs.org/ajv 8ms (cache hit)
419 silly packumentCache full:https://registry.npmjs.org/ajv set size:1126055 disposed:false
420 http fetch GET 200 https://registry.npmjs.org/merge-stream 65ms (cache miss)
421 silly packumentCache full:https://registry.npmjs.org/merge-stream set size:undefined disposed:false
422 http fetch GET 200 https://registry.npmjs.org/ajv-formats 66ms (cache miss)
423 silly packumentCache full:https://registry.npmjs.org/ajv-formats set size:undefined disposed:false
424 http fetch GET 200 https://registry.npmjs.org/supports-color 68ms (cache miss)
425 silly packumentCache full:https://registry.npmjs.org/supports-color set size:undefined disposed:false
426 http fetch GET 200 https://registry.npmjs.org/source-map-support 71ms (cache miss)
427 silly packumentCache full:https://registry.npmjs.org/source-map-support set size:undefined disposed:false
428 http fetch GET 200 https://registry.npmjs.org/randombytes 80ms (cache miss)
429 silly packumentCache full:https://registry.npmjs.org/randombytes set size:undefined disposed:false
430 http fetch GET 200 https://registry.npmjs.org/@jridgewell%2fsource-map 106ms (cache miss)
431 silly packumentCache full:https://registry.npmjs.org/@jridgewell%2fsource-map set size:undefined disposed:false
432 http fetch GET 200 https://registry.npmjs.org/commander 107ms (cache miss)
433 silly packumentCache full:https://registry.npmjs.org/commander set size:undefined disposed:false
434 silly placeDep ROOT merge-stream@2.0.0 OK for: jest-worker@27.5.1 want: ^2.0.0
435 silly placeDep node_modules/jest-worker supports-color@8.1.1 OK for: jest-worker@27.5.1 want: ^8.0.0
436 silly placeDep ROOT randombytes@2.1.0 OK for: serialize-javascript@6.0.2 want: ^2.1.0
437 silly placeDep ROOT @jridgewell/source-map@0.3.11 OK for: terser@5.46.0 want: ^0.3.3
438 silly placeDep ROOT commander@2.20.3 OK for: terser@5.46.0 want: ^2.20.0
439 silly placeDep ROOT source-map-support@0.5.21 OK for: terser@5.46.0 want: ~0.5.20
440 silly fetch manifest buffer-from@^1.0.0
441 silly packumentCache full:https://registry.npmjs.org/buffer-from cache-miss
442 silly fetch manifest source-map@^0.6.0
443 silly packumentCache full:https://registry.npmjs.org/source-map cache-miss
444 http fetch GET 200 https://registry.npmjs.org/source-map 64ms (cache miss)
445 silly packumentCache full:https://registry.npmjs.org/source-map set size:undefined disposed:false
446 http fetch GET 200 https://registry.npmjs.org/buffer-from 85ms (cache miss)
447 silly packumentCache full:https://registry.npmjs.org/buffer-from set size:undefined disposed:false
448 silly placeDep ROOT buffer-from@1.1.2 OK for: source-map-support@0.5.21 want: ^1.0.0
449 silly placeDep ROOT source-map@0.6.1 OK for: source-map-support@0.5.21 want: ^0.6.0
450 silly fetch manifest acorn@^8.15.0
451 silly packumentCache full:https://registry.npmjs.org/acorn cache-miss
452 http fetch GET 200 https://registry.npmjs.org/acorn 106ms (cache miss)
453 silly packumentCache full:https://registry.npmjs.org/acorn set size:undefined disposed:false
454 silly placeDep ROOT @types/eslint-scope@3.7.7 OK for: webpack@5.104.1 want: ^3.7.7
455 silly placeDep ROOT @webassemblyjs/ast@1.14.1 OK for: webpack@5.104.1 want: ^1.14.1
456 silly placeDep ROOT @webassemblyjs/wasm-edit@1.14.1 OK for: webpack@5.104.1 want: ^1.14.1
457 silly placeDep ROOT @webassemblyjs/wasm-parser@1.14.1 OK for: webpack@5.104.1 want: ^1.14.1
458 silly placeDep ROOT acorn-import-phases@1.0.4 OK for: webpack@5.104.1 want: ^1.0.3
459 silly placeDep ROOT chrome-trace-event@1.0.4 OK for: webpack@5.104.1 want: ^1.0.2
460 silly placeDep ROOT es-module-lexer@2.0.0 OK for: webpack@5.104.1 want: ^2.0.0
461 silly placeDep node_modules/webpack eslint-scope@5.1.1 OK for: webpack@5.104.1 want: 5.1.1
462 silly placeDep ROOT events@3.3.0 OK for: webpack@5.104.1 want: ^3.2.0
463 silly placeDep ROOT glob-to-regexp@0.4.1 OK for: webpack@5.104.1 want: ^0.4.1
464 silly placeDep ROOT json-parse-even-better-errors@2.3.1 OK for: webpack@5.104.1 want: ^2.3.1
465 silly placeDep ROOT loader-runner@4.3.1 OK for: webpack@5.104.1 want: ^4.3.1
466 silly placeDep ROOT neo-async@2.6.2 OK for: webpack@5.104.1 want: ^2.6.2
467 silly placeDep node_modules/webpack schema-utils@4.3.3 OK for: webpack@5.104.1 want: ^4.3.3
468 silly placeDep ROOT watchpack@2.5.1 OK for: webpack@5.104.1 want: ^2.4.4
469 silly placeDep ROOT webpack-sources@3.3.3 OK for: webpack@5.104.1 want: ^3.3.3
470 silly fetch manifest @types/eslint@*
471 silly packumentCache full:https://registry.npmjs.org/@types%2feslint cache-miss
472 silly fetch manifest @webassemblyjs/helper-numbers@1.13.2
473 silly packumentCache full:https://registry.npmjs.org/@webassemblyjs%2fhelper-numbers cache-miss
474 silly fetch manifest @webassemblyjs/helper-wasm-bytecode@1.13.2
475 silly packumentCache full:https://registry.npmjs.org/@webassemblyjs%2fhelper-wasm-bytecode cache-miss
476 silly fetch manifest @webassemblyjs/helper-buffer@1.14.1
477 silly packumentCache full:https://registry.npmjs.org/@webassemblyjs%2fhelper-buffer cache-miss
478 silly fetch manifest @webassemblyjs/helper-wasm-bytecode@1.13.2
479 silly packumentCache full:https://registry.npmjs.org/@webassemblyjs%2fhelper-wasm-bytecode cache-miss
480 silly fetch manifest @webassemblyjs/helper-wasm-section@1.14.1
481 silly packumentCache full:https://registry.npmjs.org/@webassemblyjs%2fhelper-wasm-section cache-miss
482 silly fetch manifest @webassemblyjs/wasm-gen@1.14.1
483 silly packumentCache full:https://registry.npmjs.org/@webassemblyjs%2fwasm-gen cache-miss
484 silly fetch manifest @webassemblyjs/wasm-opt@1.14.1
485 silly packumentCache full:https://registry.npmjs.org/@webassemblyjs%2fwasm-opt cache-miss
486 silly fetch manifest @webassemblyjs/wasm-parser@1.14.1
487 silly packumentCache full:https://registry.npmjs.org/@webassemblyjs%2fwasm-parser cache-miss
488 silly fetch manifest @webassemblyjs/wast-printer@1.14.1
489 silly packumentCache full:https://registry.npmjs.org/@webassemblyjs%2fwast-printer cache-miss
490 silly fetch manifest @webassemblyjs/helper-api-error@1.13.2
491 silly packumentCache full:https://registry.npmjs.org/@webassemblyjs%2fhelper-api-error cache-miss
492 silly fetch manifest @webassemblyjs/helper-wasm-bytecode@1.13.2
493 silly packumentCache full:https://registry.npmjs.org/@webassemblyjs%2fhelper-wasm-bytecode cache-miss
494 silly fetch manifest @webassemblyjs/ieee754@1.13.2
495 silly packumentCache full:https://registry.npmjs.org/@webassemblyjs%2fieee754 cache-miss
496 silly fetch manifest @webassemblyjs/leb128@1.13.2
497 silly packumentCache full:https://registry.npmjs.org/@webassemblyjs%2fleb128 cache-miss
498 silly fetch manifest @webassemblyjs/utf8@1.13.2
499 silly packumentCache full:https://registry.npmjs.org/@webassemblyjs%2futf8 cache-miss
500 silly fetch manifest estraverse@^4.1.1
501 silly packumentCache full:https://registry.npmjs.org/estraverse cache-miss
502 http cache https://registry.npmjs.org/@webassemblyjs%2fwasm-parser 8ms (cache hit)
503 silly packumentCache full:https://registry.npmjs.org/@webassemblyjs%2fwasm-parser set size:214115 disposed:false
504 http fetch GET 200 https://registry.npmjs.org/estraverse 67ms (cache miss)
505 silly packumentCache full:https://registry.npmjs.org/estraverse set size:undefined disposed:false
506 http fetch GET 200 https://registry.npmjs.org/@webassemblyjs%2fieee754 84ms (cache miss)
507 silly packumentCache full:https://registry.npmjs.org/@webassemblyjs%2fieee754 set size:undefined disposed:false
508 http fetch GET 200 https://registry.npmjs.org/@webassemblyjs%2fhelper-numbers 86ms (cache miss)
509 silly packumentCache full:https://registry.npmjs.org/@webassemblyjs%2fhelper-numbers set size:undefined disposed:false
510 http fetch GET 200 https://registry.npmjs.org/@webassemblyjs%2fwasm-gen 87ms (cache miss)
511 silly packumentCache full:https://registry.npmjs.org/@webassemblyjs%2fwasm-gen set size:undefined disposed:false
512 http fetch GET 200 https://registry.npmjs.org/@webassemblyjs%2fhelper-buffer 89ms (cache miss)
513 silly packumentCache full:https://registry.npmjs.org/@webassemblyjs%2fhelper-buffer set size:undefined disposed:false
514 http fetch GET 200 https://registry.npmjs.org/@webassemblyjs%2fhelper-wasm-bytecode 90ms (cache miss)
515 silly packumentCache full:https://registry.npmjs.org/@webassemblyjs%2fhelper-wasm-bytecode set size:undefined disposed:false
516 http fetch GET 200 https://registry.npmjs.org/@webassemblyjs%2fhelper-wasm-bytecode 89ms (cache miss)
517 silly packumentCache full:https://registry.npmjs.org/@webassemblyjs%2fhelper-wasm-bytecode set size:undefined disposed:false
518 http fetch GET 200 https://registry.npmjs.org/@webassemblyjs%2fhelper-wasm-bytecode 91ms (cache miss)
519 silly packumentCache full:https://registry.npmjs.org/@webassemblyjs%2fhelper-wasm-bytecode set size:undefined disposed:false
520 http fetch GET 200 https://registry.npmjs.org/@webassemblyjs%2fleb128 91ms (cache miss)
521 silly packumentCache full:https://registry.npmjs.org/@webassemblyjs%2fleb128 set size:undefined disposed:false
522 http fetch GET 200 https://registry.npmjs.org/@webassemblyjs%2fhelper-wasm-section 93ms (cache miss)
523 silly packumentCache full:https://registry.npmjs.org/@webassemblyjs%2fhelper-wasm-section set size:undefined disposed:false
524 http fetch GET 200 https://registry.npmjs.org/@types%2feslint 95ms (cache miss)
525 silly packumentCache full:https://registry.npmjs.org/@types%2feslint set size:undefined disposed:false
526 http fetch GET 200 https://registry.npmjs.org/@webassemblyjs%2fhelper-api-error 95ms (cache miss)
527 silly packumentCache full:https://registry.npmjs.org/@webassemblyjs%2fhelper-api-error set size:undefined disposed:false
528 http fetch GET 200 https://registry.npmjs.org/@webassemblyjs%2fwast-printer 98ms (cache miss)
529 silly packumentCache full:https://registry.npmjs.org/@webassemblyjs%2fwast-printer set size:undefined disposed:false
530 http fetch GET 200 https://registry.npmjs.org/@webassemblyjs%2futf8 108ms (cache miss)
531 silly packumentCache full:https://registry.npmjs.org/@webassemblyjs%2futf8 set size:undefined disposed:false
532 http fetch GET 200 https://registry.npmjs.org/@webassemblyjs%2fwasm-opt 119ms (cache miss)
533 silly packumentCache full:https://registry.npmjs.org/@webassemblyjs%2fwasm-opt set size:undefined disposed:false
534 silly placeDep ROOT @types/eslint@9.6.1 OK for: @types/eslint-scope@3.7.7 want: *
535 silly placeDep ROOT @webassemblyjs/helper-numbers@1.13.2 OK for: @webassemblyjs/ast@1.14.1 want: 1.13.2
536 silly placeDep ROOT @webassemblyjs/helper-wasm-bytecode@1.13.2 OK for: @webassemblyjs/ast@1.14.1 want: 1.13.2
537 silly fetch manifest @xtuc/long@4.2.2
538 silly packumentCache full:https://registry.npmjs.org/@xtuc%2flong cache-miss
539 silly fetch manifest @webassemblyjs/floating-point-hex-parser@1.13.2
540 silly packumentCache full:https://registry.npmjs.org/@webassemblyjs%2ffloating-point-hex-parser cache-miss
541 http fetch GET 200 https://registry.npmjs.org/@webassemblyjs%2ffloating-point-hex-parser 73ms (cache miss)
542 silly packumentCache full:https://registry.npmjs.org/@webassemblyjs%2ffloating-point-hex-parser set size:undefined disposed:false
543 http fetch GET 200 https://registry.npmjs.org/@xtuc%2flong 82ms (cache miss)
544 silly packumentCache full:https://registry.npmjs.org/@xtuc%2flong set size:undefined disposed:false
545 silly placeDep ROOT @webassemblyjs/floating-point-hex-parser@1.13.2 OK for: @webassemblyjs/helper-numbers@1.13.2 want: 1.13.2
546 silly placeDep ROOT @webassemblyjs/helper-api-error@1.13.2 OK for: @webassemblyjs/helper-numbers@1.13.2 want: 1.13.2
547 silly placeDep ROOT @xtuc/long@4.2.2 OK for: @webassemblyjs/helper-numbers@1.13.2 want: 4.2.2
548 silly placeDep ROOT @webassemblyjs/helper-buffer@1.14.1 OK for: @webassemblyjs/wasm-edit@1.14.1 want: 1.14.1
549 silly placeDep ROOT @webassemblyjs/helper-wasm-section@1.14.1 OK for: @webassemblyjs/wasm-edit@1.14.1 want: 1.14.1
550 silly placeDep ROOT @webassemblyjs/wasm-gen@1.14.1 OK for: @webassemblyjs/wasm-edit@1.14.1 want: 1.14.1
551 silly placeDep ROOT @webassemblyjs/wasm-opt@1.14.1 OK for: @webassemblyjs/wasm-edit@1.14.1 want: 1.14.1
552 silly placeDep ROOT @webassemblyjs/wast-printer@1.14.1 OK for: @webassemblyjs/wasm-edit@1.14.1 want: 1.14.1
553 silly placeDep ROOT @webassemblyjs/ieee754@1.13.2 OK for: @webassemblyjs/wasm-gen@1.14.1 want: 1.13.2
554 silly placeDep ROOT @webassemblyjs/leb128@1.13.2 OK for: @webassemblyjs/wasm-gen@1.14.1 want: 1.13.2
555 silly placeDep ROOT @webassemblyjs/utf8@1.13.2 OK for: @webassemblyjs/wasm-gen@1.14.1 want: 1.13.2
556 silly fetch manifest @xtuc/ieee754@^1.2.0
557 silly packumentCache full:https://registry.npmjs.org/@xtuc%2fieee754 cache-miss
558 http fetch GET 200 https://registry.npmjs.org/@xtuc%2fieee754 88ms (cache miss)
559 silly packumentCache full:https://registry.npmjs.org/@xtuc%2fieee754 set size:undefined disposed:false
560 silly placeDep ROOT @xtuc/ieee754@1.2.0 OK for: @webassemblyjs/ieee754@1.13.2 want: ^1.2.0
561 silly placeDep ROOT pretty-bytes@5.6.0 OK for: workbox-webpack-plugin@6.6.0 want: ^5.4.1
562 silly placeDep ROOT upath@1.2.0 OK for: workbox-webpack-plugin@6.6.0 want: ^1.2.0
563 silly placeDep node_modules/workbox-webpack-plugin webpack-sources@1.4.3 OK for: workbox-webpack-plugin@6.6.0 want: ^1.4.3
564 silly placeDep ROOT workbox-build@6.6.0 OK for: workbox-webpack-plugin@6.6.0 want: 6.6.0
565 silly fetch manifest source-list-map@^2.0.0
566 silly packumentCache full:https://registry.npmjs.org/source-list-map cache-miss
567 silly fetch manifest ajv@^8.6.0
568 silly packumentCache full:https://registry.npmjs.org/ajv cache-miss
569 silly fetch manifest tempy@^0.6.0
570 silly packumentCache full:https://registry.npmjs.org/tempy cache-miss
571 silly fetch manifest lodash@^4.17.20
572 silly packumentCache full:https://registry.npmjs.org/lodash cache-miss
573 silly fetch manifest rollup@^2.43.1
574 silly packumentCache full:https://registry.npmjs.org/rollup cache-miss
575 silly fetch manifest fs-extra@^9.0.1
576 silly packumentCache full:https://registry.npmjs.org/fs-extra cache-miss
577 silly fetch manifest source-map@^0.8.0-beta.0
578 silly packumentCache full:https://registry.npmjs.org/source-map cache-miss
579 silly fetch manifest workbox-sw@6.6.0
580 silly packumentCache full:https://registry.npmjs.org/workbox-sw cache-miss
581 silly fetch manifest common-tags@^1.8.0
582 silly packumentCache full:https://registry.npmjs.org/common-tags cache-miss
583 silly fetch manifest @babel/runtime@^7.11.2
584 silly packumentCache full:https://registry.npmjs.org/@babel%2fruntime cache-miss
585 silly fetch manifest strip-comments@^2.0.1
586 silly packumentCache full:https://registry.npmjs.org/strip-comments cache-miss
587 silly fetch manifest workbox-recipes@6.6.0
588 silly packumentCache full:https://registry.npmjs.org/workbox-recipes cache-miss
589 silly fetch manifest workbox-routing@6.6.0
590 silly packumentCache full:https://registry.npmjs.org/workbox-routing cache-miss
591 silly fetch manifest workbox-streams@6.6.0
592 silly packumentCache full:https://registry.npmjs.org/workbox-streams cache-miss
593 silly fetch manifest stringify-object@^3.3.0
594 silly packumentCache full:https://registry.npmjs.org/stringify-object cache-miss
595 silly fetch manifest @babel/preset-env@^7.11.0
596 silly packumentCache full:https://registry.npmjs.org/@babel%2fpreset-env cache-miss
597 silly fetch manifest workbox-expiration@6.6.0
598 silly packumentCache full:https://registry.npmjs.org/workbox-expiration cache-miss
599 silly fetch manifest workbox-precaching@6.6.0
600 silly packumentCache full:https://registry.npmjs.org/workbox-precaching cache-miss
601 silly fetch manifest workbox-strategies@6.6.0
602 silly packumentCache full:https://registry.npmjs.org/workbox-strategies cache-miss
603 silly fetch manifest @rollup/plugin-babel@^5.2.0
604 silly packumentCache full:https://registry.npmjs.org/@rollup%2fplugin-babel cache-miss
605 silly fetch manifest rollup-plugin-terser@^7.0.0
606 silly packumentCache full:https://registry.npmjs.org/rollup-plugin-terser cache-miss
607 silly fetch manifest @rollup/plugin-replace@^2.4.1
608 silly packumentCache full:https://registry.npmjs.org/@rollup%2fplugin-replace cache-miss
609 silly fetch manifest workbox-range-requests@6.6.0
610 silly packumentCache full:https://registry.npmjs.org/workbox-range-requests cache-miss
611 http cache https://registry.npmjs.org/source-map 10ms (cache hit)
612 silly packumentCache full:https://registry.npmjs.org/source-map set size:226141 disposed:false
613 silly fetch manifest workbox-background-sync@6.6.0
614 silly packumentCache full:https://registry.npmjs.org/workbox-background-sync cache-miss
615 http cache https://registry.npmjs.org/ajv 14ms (cache hit)
616 silly packumentCache full:https://registry.npmjs.org/ajv set size:1126055 disposed:false
617 silly fetch manifest workbox-broadcast-update@6.6.0
618 silly packumentCache full:https://registry.npmjs.org/workbox-broadcast-update cache-miss
619 http fetch GET 200 https://registry.npmjs.org/tempy 69ms (cache miss)
620 silly packumentCache full:https://registry.npmjs.org/tempy set size:undefined disposed:false
621 silly fetch manifest workbox-google-analytics@6.6.0
622 silly packumentCache full:https://registry.npmjs.org/workbox-google-analytics cache-miss
623 http fetch GET 200 https://registry.npmjs.org/source-list-map 74ms (cache miss)
624 silly packumentCache full:https://registry.npmjs.org/source-list-map set size:undefined disposed:false
625 silly fetch manifest @apideck/better-ajv-errors@^0.3.1
626 silly packumentCache full:https://registry.npmjs.org/@apideck%2fbetter-ajv-errors cache-miss
627 http fetch GET 200 https://registry.npmjs.org/stringify-object 80ms (cache miss)
628 silly packumentCache full:https://registry.npmjs.org/stringify-object set size:undefined disposed:false
629 silly fetch manifest workbox-cacheable-response@6.6.0
630 silly packumentCache full:https://registry.npmjs.org/workbox-cacheable-response cache-miss
631 http fetch GET 200 https://registry.npmjs.org/workbox-recipes 84ms (cache miss)
632 silly packumentCache full:https://registry.npmjs.org/workbox-recipes set size:undefined disposed:false
633 silly fetch manifest workbox-navigation-preload@6.6.0
634 silly packumentCache full:https://registry.npmjs.org/workbox-navigation-preload cache-miss
635 http fetch GET 200 https://registry.npmjs.org/lodash 96ms (cache miss)
636 silly packumentCache full:https://registry.npmjs.org/lodash set size:undefined disposed:false
637 silly fetch manifest @rollup/plugin-node-resolve@^11.2.1
638 silly packumentCache full:https://registry.npmjs.org/@rollup%2fplugin-node-resolve cache-miss
639 http fetch GET 200 https://registry.npmjs.org/workbox-streams 98ms (cache miss)
640 silly packumentCache full:https://registry.npmjs.org/workbox-streams set size:undefined disposed:false
641 silly fetch manifest @surma/rollup-plugin-off-main-thread@^2.2.3
642 silly packumentCache full:https://registry.npmjs.org/@surma%2frollup-plugin-off-main-thread cache-miss
643 http fetch GET 200 https://registry.npmjs.org/strip-comments 99ms (cache miss)
644 silly packumentCache full:https://registry.npmjs.org/strip-comments set size:undefined disposed:false
645 http fetch GET 200 https://registry.npmjs.org/fs-extra 101ms (cache miss)
646 silly packumentCache full:https://registry.npmjs.org/fs-extra set size:undefined disposed:false
647 http fetch GET 200 https://registry.npmjs.org/workbox-expiration 102ms (cache miss)
648 silly packumentCache full:https://registry.npmjs.org/workbox-expiration set size:undefined disposed:false
649 http fetch GET 200 https://registry.npmjs.org/common-tags 104ms (cache miss)
650 silly packumentCache full:https://registry.npmjs.org/common-tags set size:undefined disposed:false
651 http fetch GET 200 https://registry.npmjs.org/workbox-sw 105ms (cache miss)
652 silly packumentCache full:https://registry.npmjs.org/workbox-sw set size:undefined disposed:false
653 http fetch GET 200 https://registry.npmjs.org/workbox-routing 125ms (cache miss)
654 silly packumentCache full:https://registry.npmjs.org/workbox-routing set size:undefined disposed:false
655 http fetch GET 200 https://registry.npmjs.org/@babel%2fruntime 131ms (cache miss)
656 silly packumentCache full:https://registry.npmjs.org/@babel%2fruntime set size:undefined disposed:false
657 http fetch GET 200 https://registry.npmjs.org/workbox-precaching 138ms (cache miss)
658 silly packumentCache full:https://registry.npmjs.org/workbox-precaching set size:undefined disposed:false
659 http fetch GET 200 https://registry.npmjs.org/workbox-range-requests 147ms (cache miss)
660 silly packumentCache full:https://registry.npmjs.org/workbox-range-requests set size:undefined disposed:false
661 http fetch GET 200 https://registry.npmjs.org/@babel%2fpreset-env 151ms (cache miss)
662 silly packumentCache full:https://registry.npmjs.org/@babel%2fpreset-env set size:undefined disposed:false
663 http fetch GET 200 https://registry.npmjs.org/@rollup%2fplugin-babel 155ms (cache miss)
664 silly packumentCache full:https://registry.npmjs.org/@rollup%2fplugin-babel set size:undefined disposed:false
665 http fetch GET 200 https://registry.npmjs.org/@rollup%2fplugin-replace 156ms (cache miss)
666 silly packumentCache full:https://registry.npmjs.org/@rollup%2fplugin-replace set size:undefined disposed:false
667 http fetch GET 200 https://registry.npmjs.org/workbox-broadcast-update 142ms (cache miss)
668 silly packumentCache full:https://registry.npmjs.org/workbox-broadcast-update set size:undefined disposed:false
669 http fetch GET 200 https://registry.npmjs.org/workbox-google-analytics 90ms (cache miss)
670 silly packumentCache full:https://registry.npmjs.org/workbox-google-analytics set size:undefined disposed:false
671 http fetch GET 200 https://registry.npmjs.org/workbox-background-sync 148ms (cache miss)
672 silly packumentCache full:https://registry.npmjs.org/workbox-background-sync set size:undefined disposed:false
673 http fetch GET 200 https://registry.npmjs.org/workbox-strategies 161ms (cache miss)
674 silly packumentCache full:https://registry.npmjs.org/workbox-strategies set size:undefined disposed:false
675 http fetch GET 200 https://registry.npmjs.org/workbox-cacheable-response 84ms (cache miss)
676 silly packumentCache full:https://registry.npmjs.org/workbox-cacheable-response set size:undefined disposed:false
677 http fetch GET 200 https://registry.npmjs.org/rollup 172ms (cache miss)
678 silly packumentCache full:https://registry.npmjs.org/rollup set size:undefined disposed:false
679 http fetch GET 200 https://registry.npmjs.org/workbox-navigation-preload 107ms (cache miss)
680 silly packumentCache full:https://registry.npmjs.org/workbox-navigation-preload set size:undefined disposed:false
681 http fetch GET 200 https://registry.npmjs.org/@apideck%2fbetter-ajv-errors 129ms (cache miss)
682 silly packumentCache full:https://registry.npmjs.org/@apideck%2fbetter-ajv-errors set size:undefined disposed:false
683 http fetch GET 200 https://registry.npmjs.org/@rollup%2fplugin-node-resolve 126ms (cache miss)
684 silly packumentCache full:https://registry.npmjs.org/@rollup%2fplugin-node-resolve set size:undefined disposed:false
685 http fetch GET 200 https://registry.npmjs.org/rollup-plugin-terser 226ms (cache miss)
686 silly packumentCache full:https://registry.npmjs.org/rollup-plugin-terser set size:undefined disposed:false
687 http fetch GET 200 https://registry.npmjs.org/@surma%2frollup-plugin-off-main-thread 202ms (cache miss)
688 silly packumentCache full:https://registry.npmjs.org/@surma%2frollup-plugin-off-main-thread set size:undefined disposed:false
689 silly fetch manifest @babel/core@^7.11.1
690 silly packumentCache full:https://registry.npmjs.org/@babel%2fcore cache-miss
691 http cache https://registry.npmjs.org/@babel%2fcore 3ms (cache hit)
692 silly packumentCache full:https://registry.npmjs.org/@babel%2fcore set size:745002 disposed:false
693 silly fetch manifest @types/babel__core@^7.1.9
694 silly packumentCache full:https://registry.npmjs.org/@types%2fbabel__core cache-miss
695 http fetch GET 200 https://registry.npmjs.org/@types%2fbabel__core 84ms (cache miss)
696 silly packumentCache full:https://registry.npmjs.org/@types%2fbabel__core set size:undefined disposed:false
697 silly placeDep node_modules/workbox-build @apideck/better-ajv-errors@0.3.6 OK for: workbox-build@6.6.0 want: ^0.3.1
698 silly placeDep node_modules/workbox-build ajv@8.17.1 OK for: @apideck/better-ajv-errors@0.3.6 want: >=8
699 silly placeDep ROOT @babel/preset-env@7.28.6 OK for: workbox-build@6.6.0 want: ^7.11.0
700 silly placeDep ROOT @babel/runtime@7.28.6 OK for: workbox-build@6.6.0 want: ^7.11.2
701 silly placeDep ROOT @rollup/plugin-babel@5.3.1 OK for: workbox-build@6.6.0 want: ^5.2.0
702 silly placeDep ROOT rollup@2.79.2 OK for: @rollup/plugin-babel@5.3.1 want: ^1.20.0||^2.0.0
703 silly placeDep ROOT @rollup/plugin-node-resolve@11.2.1 OK for: workbox-build@6.6.0 want: ^11.2.1
704 silly placeDep ROOT @rollup/plugin-replace@2.4.2 OK for: workbox-build@6.6.0 want: ^2.4.1
705 silly placeDep ROOT @surma/rollup-plugin-off-main-thread@2.2.3 OK for: workbox-build@6.6.0 want: ^2.2.3
706 silly placeDep ROOT common-tags@1.8.2 OK for: workbox-build@6.6.0 want: ^1.8.0
707 silly placeDep ROOT fs-extra@9.1.0 OK for: workbox-build@6.6.0 want: ^9.0.1
708 silly placeDep ROOT lodash@4.17.23 OK for: workbox-build@6.6.0 want: ^4.17.20
709 silly placeDep ROOT rollup-plugin-terser@7.0.2 OK for: workbox-build@6.6.0 want: ^7.0.0
710 silly placeDep node_modules/workbox-build source-map@0.8.0-beta.0 OK for: workbox-build@6.6.0 want: ^0.8.0-beta.0
711 silly placeDep ROOT stringify-object@3.3.0 OK for: workbox-build@6.6.0 want: ^3.3.0
712 silly placeDep ROOT strip-comments@2.0.1 OK for: workbox-build@6.6.0 want: ^2.0.1
713 silly placeDep ROOT tempy@0.6.0 OK for: workbox-build@6.6.0 want: ^0.6.0
714 silly placeDep ROOT workbox-background-sync@6.6.0 OK for: workbox-build@6.6.0 want: 6.6.0
715 silly placeDep ROOT workbox-broadcast-update@6.6.0 OK for: workbox-build@6.6.0 want: 6.6.0
716 silly placeDep ROOT workbox-cacheable-response@6.6.0 OK for: workbox-build@6.6.0 want: 6.6.0
717 silly placeDep ROOT workbox-core@6.6.0 OK for: workbox-build@6.6.0 want: 6.6.0
718 silly placeDep ROOT workbox-expiration@6.6.0 OK for: workbox-build@6.6.0 want: 6.6.0
719 silly placeDep ROOT workbox-google-analytics@6.6.0 OK for: workbox-build@6.6.0 want: 6.6.0
720 silly placeDep ROOT workbox-navigation-preload@6.6.0 OK for: workbox-build@6.6.0 want: 6.6.0
721 silly placeDep ROOT workbox-precaching@6.6.0 OK for: workbox-build@6.6.0 want: 6.6.0
722 silly placeDep ROOT workbox-range-requests@6.6.0 OK for: workbox-build@6.6.0 want: 6.6.0
723 silly placeDep ROOT workbox-recipes@6.6.0 OK for: workbox-build@6.6.0 want: 6.6.0
724 silly placeDep ROOT workbox-routing@6.6.0 OK for: workbox-build@6.6.0 want: 6.6.0
725 silly placeDep ROOT workbox-strategies@6.6.0 OK for: workbox-build@6.6.0 want: 6.6.0
726 silly placeDep ROOT workbox-streams@6.6.0 OK for: workbox-build@6.6.0 want: 6.6.0
727 silly placeDep ROOT workbox-sw@6.6.0 OK for: workbox-build@6.6.0 want: 6.6.0
728 silly fetch manifest leven@^3.1.0
729 silly packumentCache full:https://registry.npmjs.org/leven cache-miss
730 silly fetch manifest json-schema@^0.4.0
731 silly packumentCache full:https://registry.npmjs.org/json-schema cache-miss
732 silly fetch manifest jsonpointer@^5.0.0
733 silly packumentCache full:https://registry.npmjs.org/jsonpointer cache-miss
734 silly fetch manifest fast-uri@^3.0.1
735 silly packumentCache full:https://registry.npmjs.org/fast-uri cache-miss
736 silly fetch manifest require-from-string@^2.0.2
737 silly packumentCache full:https://registry.npmjs.org/require-from-string cache-miss
738 silly fetch manifest json-schema-traverse@^1.0.0
739 silly packumentCache full:https://registry.npmjs.org/json-schema-traverse cache-miss
740 silly fetch manifest @babel/helper-plugin-utils@^7.28.6
741 silly packumentCache full:https://registry.npmjs.org/@babel%2fhelper-plugin-utils cache-miss
742 silly fetch manifest @babel/plugin-bugfix-firefox-class-in-computed-class-key@^7.28.5
743 silly packumentCache full:https://registry.npmjs.org/@babel%2fplugin-bugfix-firefox-class-in-computed-class-key cache-miss
744 silly fetch manifest @babel/plugin-bugfix-safari-class-field-initializer-scope@^7.27.1
745 silly packumentCache full:https://registry.npmjs.org/@babel%2fplugin-bugfix-safari-class-field-initializer-scope cache-miss
746 silly fetch manifest @babel/plugin-bugfix-safari-id-destructuring-collision-in-function-expression@^7.27.1
747 silly packumentCache full:https://registry.npmjs.org/@babel%2fplugin-bugfix-safari-id-destructuring-collision-in-function-expression cache-miss
748 silly fetch manifest @babel/plugin-bugfix-v8-spread-parameters-in-optional-chaining@^7.27.1
749 silly packumentCache full:https://registry.npmjs.org/@babel%2fplugin-bugfix-v8-spread-parameters-in-optional-chaining cache-miss
750 silly fetch manifest @babel/plugin-bugfix-v8-static-class-fields-redefine-readonly@^7.28.6
751 silly packumentCache full:https://registry.npmjs.org/@babel%2fplugin-bugfix-v8-static-class-fields-redefine-readonly cache-miss
752 silly fetch manifest @babel/plugin-proposal-private-property-in-object@7.21.0-placeholder-for-preset-env.2
753 silly packumentCache full:https://registry.npmjs.org/@babel%2fplugin-proposal-private-property-in-object cache-miss
754 silly fetch manifest @babel/plugin-syntax-import-assertions@^7.28.6
755 silly packumentCache full:https://registry.npmjs.org/@babel%2fplugin-syntax-import-assertions cache-miss
756 silly fetch manifest @babel/plugin-syntax-import-attributes@^7.28.6
757 silly packumentCache full:https://registry.npmjs.org/@babel%2fplugin-syntax-import-attributes cache-miss
758 silly fetch manifest @babel/plugin-syntax-unicode-sets-regex@^7.18.6
759 silly packumentCache full:https://registry.npmjs.org/@babel%2fplugin-syntax-unicode-sets-regex cache-miss
760 silly fetch manifest @babel/plugin-transform-arrow-functions@^7.27.1
761 silly packumentCache full:https://registry.npmjs.org/@babel%2fplugin-transform-arrow-functions cache-miss
762 silly fetch manifest @babel/plugin-transform-async-generator-functions@^7.28.6
763 silly packumentCache full:https://registry.npmjs.org/@babel%2fplugin-transform-async-generator-functions cache-miss
764 silly fetch manifest @babel/plugin-transform-async-to-generator@^7.28.6
765 silly packumentCache full:https://registry.npmjs.org/@babel%2fplugin-transform-async-to-generator cache-miss
766 silly fetch manifest @babel/plugin-transform-block-scoped-functions@^7.27.1
767 silly packumentCache full:https://registry.npmjs.org/@babel%2fplugin-transform-block-scoped-functions cache-miss
768 silly fetch manifest @babel/plugin-transform-block-scoping@^7.28.6
769 silly packumentCache full:https://registry.npmjs.org/@babel%2fplugin-transform-block-scoping cache-miss
770 silly fetch manifest @babel/plugin-transform-class-properties@^7.28.6
771 silly packumentCache full:https://registry.npmjs.org/@babel%2fplugin-transform-class-properties cache-miss
772 silly fetch manifest @babel/plugin-transform-class-static-block@^7.28.6
773 silly packumentCache full:https://registry.npmjs.org/@babel%2fplugin-transform-class-static-block cache-miss
774 http fetch GET 200 https://registry.npmjs.org/json-schema 70ms (cache miss)
775 silly packumentCache full:https://registry.npmjs.org/json-schema set size:undefined disposed:false
776 silly fetch manifest @babel/plugin-transform-classes@^7.28.6
777 silly packumentCache full:https://registry.npmjs.org/@babel%2fplugin-transform-classes cache-miss
778 http fetch GET 200 https://registry.npmjs.org/jsonpointer 70ms (cache miss)
779 silly packumentCache full:https://registry.npmjs.org/jsonpointer set size:undefined disposed:false
780 silly fetch manifest @babel/plugin-transform-computed-properties@^7.28.6
781 silly packumentCache full:https://registry.npmjs.org/@babel%2fplugin-transform-computed-properties cache-miss
782 http fetch GET 200 https://registry.npmjs.org/require-from-string 72ms (cache miss)
783 silly packumentCache full:https://registry.npmjs.org/require-from-string set size:undefined disposed:false
784 silly fetch manifest @babel/plugin-transform-destructuring@^7.28.5
785 silly packumentCache full:https://registry.npmjs.org/@babel%2fplugin-transform-destructuring cache-miss
786 http fetch GET 200 https://registry.npmjs.org/json-schema-traverse 75ms (cache miss)
787 silly packumentCache full:https://registry.npmjs.org/json-schema-traverse set size:undefined disposed:false
788 silly fetch manifest @babel/plugin-transform-dotall-regex@^7.28.6
789 silly packumentCache full:https://registry.npmjs.org/@babel%2fplugin-transform-dotall-regex cache-miss
790 http fetch GET 200 https://registry.npmjs.org/leven 77ms (cache miss)
791 silly packumentCache full:https://registry.npmjs.org/leven set size:undefined disposed:false
792 silly fetch manifest @babel/plugin-transform-duplicate-keys@^7.27.1
793 silly packumentCache full:https://registry.npmjs.org/@babel%2fplugin-transform-duplicate-keys cache-miss
794 http fetch GET 200 https://registry.npmjs.org/fast-uri 76ms (cache miss)
795 silly packumentCache full:https://registry.npmjs.org/fast-uri set size:undefined disposed:false
796 silly fetch manifest @babel/plugin-transform-duplicate-named-capturing-groups-regex@^7.28.6
797 silly packumentCache full:https://registry.npmjs.org/@babel%2fplugin-transform-duplicate-named-capturing-groups-regex cache-miss
798 http fetch GET 200 https://registry.npmjs.org/@babel%2fplugin-syntax-import-attributes 78ms (cache miss)
799 silly packumentCache full:https://registry.npmjs.org/@babel%2fplugin-syntax-import-attributes set size:undefined disposed:false
800 silly fetch manifest @babel/plugin-transform-dynamic-import@^7.27.1
801 silly packumentCache full:https://registry.npmjs.org/@babel%2fplugin-transform-dynamic-import cache-miss
802 http fetch GET 200 https://registry.npmjs.org/@babel%2fhelper-plugin-utils 82ms (cache miss)
803 silly packumentCache full:https://registry.npmjs.org/@babel%2fhelper-plugin-utils set size:undefined disposed:false
804 silly fetch manifest @babel/plugin-transform-explicit-resource-management@^7.28.6
805 silly packumentCache full:https://registry.npmjs.org/@babel%2fplugin-transform-explicit-resource-management cache-miss
806 http fetch GET 200 https://registry.npmjs.org/@babel%2fplugin-bugfix-safari-id-destructuring-collision-in-function-expression 84ms (cache miss)
807 silly packumentCache full:https://registry.npmjs.org/@babel%2fplugin-bugfix-safari-id-destructuring-collision-in-function-expression set size:undefined disposed:false
808 silly fetch manifest @babel/plugin-transform-exponentiation-operator@^7.28.6
809 silly packumentCache full:https://registry.npmjs.org/@babel%2fplugin-transform-exponentiation-operator cache-miss
810 http fetch GET 200 https://registry.npmjs.org/@babel%2fplugin-bugfix-firefox-class-in-computed-class-key 84ms (cache miss)
811 silly packumentCache full:https://registry.npmjs.org/@babel%2fplugin-bugfix-firefox-class-in-computed-class-key set size:undefined disposed:false
812 silly fetch manifest @babel/plugin-transform-export-namespace-from@^7.27.1
813 silly packumentCache full:https://registry.npmjs.org/@babel%2fplugin-transform-export-namespace-from cache-miss
814 http fetch GET 200 https://registry.npmjs.org/@babel%2fplugin-bugfix-v8-spread-parameters-in-optional-chaining 87ms (cache miss)
815 silly packumentCache full:https://registry.npmjs.org/@babel%2fplugin-bugfix-v8-spread-parameters-in-optional-chaining set size:undefined disposed:false
816 silly fetch manifest @babel/plugin-transform-for-of@^7.27.1
817 silly packumentCache full:https://registry.npmjs.org/@babel%2fplugin-transform-for-of cache-miss
818 http fetch GET 200 https://registry.npmjs.org/@babel%2fplugin-syntax-import-assertions 87ms (cache miss)
819 silly packumentCache full:https://registry.npmjs.org/@babel%2fplugin-syntax-import-assertions set size:undefined disposed:false
820 silly fetch manifest @babel/plugin-transform-function-name@^7.27.1
821 silly packumentCache full:https://registry.npmjs.org/@babel%2fplugin-transform-function-name cache-miss
822 http fetch GET 200 https://registry.npmjs.org/@babel%2fplugin-bugfix-safari-class-field-initializer-scope 89ms (cache miss)
823 silly packumentCache full:https://registry.npmjs.org/@babel%2fplugin-bugfix-safari-class-field-initializer-scope set size:undefined disposed:false
824 silly fetch manifest @babel/plugin-transform-json-strings@^7.28.6
825 silly packumentCache full:https://registry.npmjs.org/@babel%2fplugin-transform-json-strings cache-miss
826 http fetch GET 200 https://registry.npmjs.org/@babel%2fplugin-bugfix-v8-static-class-fields-redefine-readonly 93ms (cache miss)
827 silly packumentCache full:https://registry.npmjs.org/@babel%2fplugin-bugfix-v8-static-class-fields-redefine-readonly set size:undefined disposed:false
828 silly fetch manifest @babel/plugin-transform-literals@^7.27.1
829 silly packumentCache full:https://registry.npmjs.org/@babel%2fplugin-transform-literals cache-miss
830 http fetch GET 200 https://registry.npmjs.org/@babel%2fplugin-proposal-private-property-in-object 97ms (cache miss)
831 silly packumentCache full:https://registry.npmjs.org/@babel%2fplugin-proposal-private-property-in-object set size:undefined disposed:false
832 silly fetch manifest @babel/plugin-transform-logical-assignment-operators@^7.28.6
833 silly packumentCache full:https://registry.npmjs.org/@babel%2fplugin-transform-logical-assignment-operators cache-miss
834 http fetch GET 200 https://registry.npmjs.org/@babel%2fplugin-syntax-unicode-sets-regex 133ms (cache miss)
835 silly packumentCache full:https://registry.npmjs.org/@babel%2fplugin-syntax-unicode-sets-regex set size:undefined disposed:false
836 silly fetch manifest @babel/plugin-transform-member-expression-literals@^7.27.1
837 silly packumentCache full:https://registry.npmjs.org/@babel%2fplugin-transform-member-expression-literals cache-miss
838 http fetch GET 200 https://registry.npmjs.org/@babel%2fplugin-transform-arrow-functions 136ms (cache miss)
839 silly packumentCache full:https://registry.npmjs.org/@babel%2fplugin-transform-arrow-functions set size:undefined disposed:false
840 silly fetch manifest @babel/plugin-transform-modules-amd@^7.27.1
841 silly packumentCache full:https://registry.npmjs.org/@babel%2fplugin-transform-modules-amd cache-miss
842 http fetch GET 200 https://registry.npmjs.org/@babel%2fplugin-transform-block-scoping 139ms (cache miss)
843 silly packumentCache full:https://registry.npmjs.org/@babel%2fplugin-transform-block-scoping set size:undefined disposed:false
844 silly fetch manifest @babel/plugin-transform-modules-commonjs@^7.28.6
845 silly packumentCache full:https://registry.npmjs.org/@babel%2fplugin-transform-modules-commonjs cache-miss
846 http fetch GET 200 https://registry.npmjs.org/@babel%2fplugin-transform-class-properties 148ms (cache miss)
847 silly packumentCache full:https://registry.npmjs.org/@babel%2fplugin-transform-class-properties set size:undefined disposed:false
848 silly fetch manifest @babel/plugin-transform-modules-systemjs@^7.28.5
849 silly packumentCache full:https://registry.npmjs.org/@babel%2fplugin-transform-modules-systemjs cache-miss
850 http fetch GET 200 https://registry.npmjs.org/@babel%2fplugin-transform-class-static-block 149ms (cache miss)
851 silly packumentCache full:https://registry.npmjs.org/@babel%2fplugin-transform-class-static-block set size:undefined disposed:false
852 silly fetch manifest @babel/plugin-transform-modules-umd@^7.27.1
853 silly packumentCache full:https://registry.npmjs.org/@babel%2fplugin-transform-modules-umd cache-miss
854 http fetch GET 200 https://registry.npmjs.org/@babel%2fplugin-transform-async-to-generator 150ms (cache miss)
855 silly packumentCache full:https://registry.npmjs.org/@babel%2fplugin-transform-async-to-generator set size:undefined disposed:false
856 silly fetch manifest @babel/plugin-transform-named-capturing-groups-regex@^7.27.1
857 silly packumentCache full:https://registry.npmjs.org/@babel%2fplugin-transform-named-capturing-groups-regex cache-miss
858 http fetch GET 200 https://registry.npmjs.org/@babel%2fplugin-transform-computed-properties 82ms (cache miss)
859 silly packumentCache full:https://registry.npmjs.org/@babel%2fplugin-transform-computed-properties set size:undefined disposed:false
860 silly fetch manifest @babel/plugin-transform-new-target@^7.27.1
861 silly packumentCache full:https://registry.npmjs.org/@babel%2fplugin-transform-new-target cache-miss
862 http fetch GET 200 https://registry.npmjs.org/@babel%2fplugin-transform-block-scoped-functions 155ms (cache miss)
863 silly packumentCache full:https://registry.npmjs.org/@babel%2fplugin-transform-block-scoped-functions set size:undefined disposed:false
864 silly fetch manifest @babel/plugin-transform-nullish-coalescing-operator@^7.28.6
865 silly packumentCache full:https://registry.npmjs.org/@babel%2fplugin-transform-nullish-coalescing-operator cache-miss
866 http fetch GET 200 https://registry.npmjs.org/@babel%2fplugin-transform-destructuring 85ms (cache miss)
867 silly packumentCache full:https://registry.npmjs.org/@babel%2fplugin-transform-destructuring set size:undefined disposed:false
868 silly fetch manifest @babel/plugin-transform-numeric-separator@^7.28.6
869 silly packumentCache full:https://registry.npmjs.org/@babel%2fplugin-transform-numeric-separator cache-miss
870 http fetch GET 200 https://registry.npmjs.org/@babel%2fplugin-transform-dotall-regex 86ms (cache miss)
871 silly packumentCache full:https://registry.npmjs.org/@babel%2fplugin-transform-dotall-regex set size:undefined disposed:false
872 silly fetch manifest @babel/plugin-transform-object-rest-spread@^7.28.6
873 silly packumentCache full:https://registry.npmjs.org/@babel%2fplugin-transform-object-rest-spread cache-miss
874 http fetch GET 200 https://registry.npmjs.org/@babel%2fplugin-transform-classes 93ms (cache miss)
875 silly packumentCache full:https://registry.npmjs.org/@babel%2fplugin-transform-classes set size:undefined disposed:false
876 silly fetch manifest @babel/plugin-transform-object-super@^7.27.1
877 silly packumentCache full:https://registry.npmjs.org/@babel%2fplugin-transform-object-super cache-miss
878 http fetch GET 200 https://registry.npmjs.org/@babel%2fplugin-transform-async-generator-functions 173ms (cache miss)
879 silly packumentCache full:https://registry.npmjs.org/@babel%2fplugin-transform-async-generator-functions set size:undefined disposed:false
880 silly fetch manifest @babel/plugin-transform-optional-catch-binding@^7.28.6
881 silly packumentCache full:https://registry.npmjs.org/@babel%2fplugin-transform-optional-catch-binding cache-miss
882 http fetch GET 200 https://registry.npmjs.org/@babel%2fplugin-transform-duplicate-keys 102ms (cache miss)
883 silly packumentCache full:https://registry.npmjs.org/@babel%2fplugin-transform-duplicate-keys set size:undefined disposed:false
884 silly fetch manifest @babel/plugin-transform-optional-chaining@^7.28.6
885 silly packumentCache full:https://registry.npmjs.org/@babel%2fplugin-transform-optional-chaining cache-miss
886 http fetch GET 200 https://registry.npmjs.org/@babel%2fplugin-transform-dynamic-import 117ms (cache miss)
887 silly packumentCache full:https://registry.npmjs.org/@babel%2fplugin-transform-dynamic-import set size:undefined disposed:false
888 silly fetch manifest @babel/plugin-transform-parameters@^7.27.7
889 silly packumentCache full:https://registry.npmjs.org/@babel%2fplugin-transform-parameters cache-miss
890 http fetch GET 200 https://registry.npmjs.org/@babel%2fplugin-transform-explicit-resource-management 121ms (cache miss)
891 silly packumentCache full:https://registry.npmjs.org/@babel%2fplugin-transform-explicit-resource-management set size:undefined disposed:false
892 silly fetch manifest @babel/plugin-transform-private-methods@^7.28.6
893 silly packumentCache full:https://registry.npmjs.org/@babel%2fplugin-transform-private-methods cache-miss
894 http fetch GET 200 https://registry.npmjs.org/@babel%2fplugin-transform-exponentiation-operator 121ms (cache miss)
895 silly packumentCache full:https://registry.npmjs.org/@babel%2fplugin-transform-exponentiation-operator set size:undefined disposed:false
896 silly fetch manifest @babel/plugin-transform-private-property-in-object@^7.28.6
897 silly packumentCache full:https://registry.npmjs.org/@babel%2fplugin-transform-private-property-in-object cache-miss
898 http fetch GET 200 https://registry.npmjs.org/@babel%2fplugin-transform-export-namespace-from 122ms (cache miss)
899 silly packumentCache full:https://registry.npmjs.org/@babel%2fplugin-transform-export-namespace-from set size:undefined disposed:false
900 silly fetch manifest @babel/plugin-transform-property-literals@^7.27.1
901 silly packumentCache full:https://registry.npmjs.org/@babel%2fplugin-transform-property-literals cache-miss
902 http fetch GET 200 https://registry.npmjs.org/@babel%2fplugin-transform-for-of 132ms (cache miss)
903 silly packumentCache full:https://registry.npmjs.org/@babel%2fplugin-transform-for-of set size:undefined disposed:false
904 silly fetch manifest @babel/plugin-transform-regenerator@^7.28.6
905 silly packumentCache full:https://registry.npmjs.org/@babel%2fplugin-transform-regenerator cache-miss
906 http fetch GET 200 https://registry.npmjs.org/@babel%2fplugin-transform-logical-assignment-operators 122ms (cache miss)
907 silly packumentCache full:https://registry.npmjs.org/@babel%2fplugin-transform-logical-assignment-operators set size:undefined disposed:false
908 silly fetch manifest @babel/plugin-transform-regexp-modifiers@^7.28.6
909 silly packumentCache full:https://registry.npmjs.org/@babel%2fplugin-transform-regexp-modifiers cache-miss
910 http fetch GET 200 https://registry.npmjs.org/@babel%2fplugin-transform-member-expression-literals 89ms (cache miss)
911 silly packumentCache full:https://registry.npmjs.org/@babel%2fplugin-transform-member-expression-literals set size:undefined disposed:false
912 silly fetch manifest @babel/plugin-transform-reserved-words@^7.27.1
913 silly packumentCache full:https://registry.npmjs.org/@babel%2fplugin-transform-reserved-words cache-miss
914 http fetch GET 200 https://registry.npmjs.org/@babel%2fplugin-transform-function-name 136ms (cache miss)
915 silly packumentCache full:https://registry.npmjs.org/@babel%2fplugin-transform-function-name set size:undefined disposed:false
916 silly fetch manifest @babel/plugin-transform-shorthand-properties@^7.27.1
917 silly packumentCache full:https://registry.npmjs.org/@babel%2fplugin-transform-shorthand-properties cache-miss
918 http fetch GET 200 https://registry.npmjs.org/@babel%2fplugin-transform-json-strings 137ms (cache miss)
919 silly packumentCache full:https://registry.npmjs.org/@babel%2fplugin-transform-json-strings set size:undefined disposed:false
920 silly fetch manifest @babel/plugin-transform-spread@^7.28.6
921 silly packumentCache full:https://registry.npmjs.org/@babel%2fplugin-transform-spread cache-miss
922 http fetch GET 200 https://registry.npmjs.org/@babel%2fplugin-transform-literals 135ms (cache miss)
923 silly packumentCache full:https://registry.npmjs.org/@babel%2fplugin-transform-literals set size:undefined disposed:false
924 silly fetch manifest @babel/plugin-transform-sticky-regex@^7.27.1
925 silly packumentCache full:https://registry.npmjs.org/@babel%2fplugin-transform-sticky-regex cache-miss
926 http fetch GET 200 https://registry.npmjs.org/@babel%2fplugin-transform-modules-amd 98ms (cache miss)
927 silly packumentCache full:https://registry.npmjs.org/@babel%2fplugin-transform-modules-amd set size:undefined disposed:false
928 silly fetch manifest @babel/plugin-transform-template-literals@^7.27.1
929 silly packumentCache full:https://registry.npmjs.org/@babel%2fplugin-transform-template-literals cache-miss
930 http fetch GET 200 https://registry.npmjs.org/@babel%2fplugin-transform-modules-systemjs 94ms (cache miss)
931 silly packumentCache full:https://registry.npmjs.org/@babel%2fplugin-transform-modules-systemjs set size:undefined disposed:false
932 silly fetch manifest @babel/plugin-transform-typeof-symbol@^7.27.1
933 silly packumentCache full:https://registry.npmjs.org/@babel%2fplugin-transform-typeof-symbol cache-miss
934 http fetch GET 200 https://registry.npmjs.org/@babel%2fplugin-transform-modules-commonjs 104ms (cache miss)
935 silly packumentCache full:https://registry.npmjs.org/@babel%2fplugin-transform-modules-commonjs set size:undefined disposed:false
936 silly fetch manifest @babel/plugin-transform-unicode-escapes@^7.27.1
937 silly packumentCache full:https://registry.npmjs.org/@babel%2fplugin-transform-unicode-escapes cache-miss
938 http fetch GET 200 https://registry.npmjs.org/@babel%2fplugin-transform-modules-umd 106ms (cache miss)
939 silly packumentCache full:https://registry.npmjs.org/@babel%2fplugin-transform-modules-umd set size:undefined disposed:false
940 silly fetch manifest @babel/plugin-transform-unicode-property-regex@^7.28.6
941 silly packumentCache full:https://registry.npmjs.org/@babel%2fplugin-transform-unicode-property-regex cache-miss
942 http fetch GET 200 https://registry.npmjs.org/@babel%2fplugin-transform-duplicate-named-capturing-groups-regex 183ms (cache miss)
943 silly packumentCache full:https://registry.npmjs.org/@babel%2fplugin-transform-duplicate-named-capturing-groups-regex set size:undefined disposed:false
944 silly fetch manifest @babel/plugin-transform-unicode-regex@^7.27.1
945 silly packumentCache full:https://registry.npmjs.org/@babel%2fplugin-transform-unicode-regex cache-miss
946 http fetch GET 200 https://registry.npmjs.org/@babel%2fplugin-transform-nullish-coalescing-operator 117ms (cache miss)
947 silly packumentCache full:https://registry.npmjs.org/@babel%2fplugin-transform-nullish-coalescing-operator set size:undefined disposed:false
948 silly fetch manifest @babel/plugin-transform-unicode-sets-regex@^7.28.6
949 silly packumentCache full:https://registry.npmjs.org/@babel%2fplugin-transform-unicode-sets-regex cache-miss
950 http fetch GET 200 https://registry.npmjs.org/@babel%2fplugin-transform-numeric-separator 115ms (cache miss)
951 silly packumentCache full:https://registry.npmjs.org/@babel%2fplugin-transform-numeric-separator set size:undefined disposed:false
952 silly fetch manifest @babel/preset-modules@0.1.6-no-external-plugins
953 silly packumentCache full:https://registry.npmjs.org/@babel%2fpreset-modules cache-miss
954 http fetch GET 200 https://registry.npmjs.org/@babel%2fplugin-transform-new-target 121ms (cache miss)
955 silly packumentCache full:https://registry.npmjs.org/@babel%2fplugin-transform-new-target set size:undefined disposed:false
956 silly fetch manifest babel-plugin-polyfill-corejs2@^0.4.14
957 silly packumentCache full:https://registry.npmjs.org/babel-plugin-polyfill-corejs2 cache-miss
958 http fetch GET 200 https://registry.npmjs.org/@babel%2fplugin-transform-named-capturing-groups-regex 130ms (cache miss)
959 silly packumentCache full:https://registry.npmjs.org/@babel%2fplugin-transform-named-capturing-groups-regex set size:undefined disposed:false
960 silly fetch manifest babel-plugin-polyfill-corejs3@^0.13.0
961 silly packumentCache full:https://registry.npmjs.org/babel-plugin-polyfill-corejs3 cache-miss
962 http fetch GET 200 https://registry.npmjs.org/@babel%2fplugin-transform-object-rest-spread 125ms (cache miss)
963 silly packumentCache full:https://registry.npmjs.org/@babel%2fplugin-transform-object-rest-spread set size:undefined disposed:false
964 silly fetch manifest babel-plugin-polyfill-regenerator@^0.6.5
965 silly packumentCache full:https://registry.npmjs.org/babel-plugin-polyfill-regenerator cache-miss
966 http fetch GET 200 https://registry.npmjs.org/@babel%2fplugin-transform-parameters 94ms (cache miss)
967 silly packumentCache full:https://registry.npmjs.org/@babel%2fplugin-transform-parameters set size:undefined disposed:false
968 silly fetch manifest core-js-compat@^3.43.0
969 silly packumentCache full:https://registry.npmjs.org/core-js-compat cache-miss
970 http fetch GET 200 https://registry.npmjs.org/@babel%2fplugin-transform-object-super 131ms (cache miss)
971 silly packumentCache full:https://registry.npmjs.org/@babel%2fplugin-transform-object-super set size:undefined disposed:false
972 silly fetch manifest @rollup/pluginutils@^3.1.0
973 silly packumentCache full:https://registry.npmjs.org/@rollup%2fpluginutils cache-miss
974 http fetch GET 200 https://registry.npmjs.org/@babel%2fplugin-transform-optional-catch-binding 124ms (cache miss)
975 silly packumentCache full:https://registry.npmjs.org/@babel%2fplugin-transform-optional-catch-binding set size:undefined disposed:false
976 silly fetch manifest deepmerge@^4.2.2
977 silly packumentCache full:https://registry.npmjs.org/deepmerge cache-miss
978 http fetch GET 200 https://registry.npmjs.org/@babel%2fplugin-transform-private-methods 95ms (cache miss)
979 silly packumentCache full:https://registry.npmjs.org/@babel%2fplugin-transform-private-methods set size:undefined disposed:false
980 silly fetch manifest is-module@^1.0.0
981 silly packumentCache full:https://registry.npmjs.org/is-module cache-miss
982 http fetch GET 200 https://registry.npmjs.org/@babel%2fplugin-transform-optional-chaining 123ms (cache miss)
983 silly packumentCache full:https://registry.npmjs.org/@babel%2fplugin-transform-optional-chaining set size:undefined disposed:false
984 silly fetch manifest @types/resolve@1.17.1
985 silly packumentCache full:https://registry.npmjs.org/@types%2fresolve cache-miss
986 http fetch GET 200 https://registry.npmjs.org/@babel%2fplugin-transform-private-property-in-object 103ms (cache miss)
987 silly packumentCache full:https://registry.npmjs.org/@babel%2fplugin-transform-private-property-in-object set size:undefined disposed:false
988 silly fetch manifest builtin-modules@^3.1.0
989 silly packumentCache full:https://registry.npmjs.org/builtin-modules cache-miss
990 http fetch GET 200 https://registry.npmjs.org/@babel%2fplugin-transform-property-literals 107ms (cache miss)
991 silly packumentCache full:https://registry.npmjs.org/@babel%2fplugin-transform-property-literals set size:undefined disposed:false
992 silly fetch manifest @rollup/pluginutils@^3.1.0
993 silly packumentCache full:https://registry.npmjs.org/@rollup%2fpluginutils cache-miss
994 http fetch GET 200 https://registry.npmjs.org/@babel%2fplugin-transform-regenerator 100ms (cache miss)
995 silly packumentCache full:https://registry.npmjs.org/@babel%2fplugin-transform-regenerator set size:undefined disposed:false
996 silly fetch manifest magic-string@^0.25.7
997 silly packumentCache full:https://registry.npmjs.org/magic-string cache-miss
998 http fetch GET 200 https://registry.npmjs.org/@babel%2fplugin-transform-reserved-words 113ms (cache miss)
999 silly packumentCache full:https://registry.npmjs.org/@babel%2fplugin-transform-reserved-words set size:undefined disposed:false
1000 silly fetch manifest @rollup/pluginutils@^3.1.0
1001 silly packumentCache full:https://registry.npmjs.org/@rollup%2fpluginutils cache-miss
1002 http fetch GET 200 https://registry.npmjs.org/@babel%2fplugin-transform-regexp-modifiers 121ms (cache miss)
1003 silly packumentCache full:https://registry.npmjs.org/@babel%2fplugin-transform-regexp-modifiers set size:undefined disposed:false
1004 silly fetch manifest ejs@^3.1.6
1005 silly packumentCache full:https://registry.npmjs.org/ejs cache-miss
1006 http fetch GET 200 https://registry.npmjs.org/@babel%2fplugin-transform-sticky-regex 128ms (cache miss)
1007 silly packumentCache full:https://registry.npmjs.org/@babel%2fplugin-transform-sticky-regex set size:undefined disposed:false
1008 silly fetch manifest magic-string@^0.25.0
1009 silly packumentCache full:https://registry.npmjs.org/magic-string cache-miss
1010 http fetch GET 200 https://registry.npmjs.org/@babel%2fplugin-transform-spread 138ms (cache miss)
1011 silly packumentCache full:https://registry.npmjs.org/@babel%2fplugin-transform-spread set size:undefined disposed:false
1012 silly fetch manifest jsonfile@^6.0.1
1013 silly packumentCache full:https://registry.npmjs.org/jsonfile cache-miss
1014 http fetch GET 200 https://registry.npmjs.org/@babel%2fplugin-transform-unicode-escapes 123ms (cache miss)
1015 silly packumentCache full:https://registry.npmjs.org/@babel%2fplugin-transform-unicode-escapes set size:undefined disposed:false
1016 silly fetch manifest universalify@^2.0.0
1017 silly packumentCache full:https://registry.npmjs.org/universalify cache-miss
1018 http fetch GET 200 https://registry.npmjs.org/@babel%2fpreset-modules 95ms (cache miss)
1019 silly packumentCache full:https://registry.npmjs.org/@babel%2fpreset-modules set size:undefined disposed:false
1020 silly fetch manifest at-least-node@^1.0.0
1021 silly packumentCache full:https://registry.npmjs.org/at-least-node cache-miss
1022 http fetch GET 200 https://registry.npmjs.org/@babel%2fplugin-transform-unicode-regex 111ms (cache miss)
1023 silly packumentCache full:https://registry.npmjs.org/@babel%2fplugin-transform-unicode-regex set size:undefined disposed:false
1024 silly fetch manifest jest-worker@^26.2.1
1025 silly packumentCache full:https://registry.npmjs.org/jest-worker cache-miss
1026 http fetch GET 200 https://registry.npmjs.org/@babel%2fplugin-transform-unicode-property-regex 116ms (cache miss)
1027 silly packumentCache full:https://registry.npmjs.org/@babel%2fplugin-transform-unicode-property-regex set size:undefined disposed:false
1028 silly fetch manifest serialize-javascript@^4.0.0
1029 silly packumentCache full:https://registry.npmjs.org/serialize-javascript cache-miss
1030 http fetch GET 200 https://registry.npmjs.org/@babel%2fplugin-transform-shorthand-properties 148ms (cache miss)
1031 silly packumentCache full:https://registry.npmjs.org/@babel%2fplugin-transform-shorthand-properties set size:undefined disposed:false
1032 silly fetch manifest whatwg-url@^7.0.0
1033 silly packumentCache full:https://registry.npmjs.org/whatwg-url cache-miss
1034 http cache https://registry.npmjs.org/serialize-javascript 6ms (cache hit)
1035 silly packumentCache full:https://registry.npmjs.org/serialize-javascript set size:74066 disposed:false
1036 silly fetch manifest is-obj@^1.0.1
1037 silly packumentCache full:https://registry.npmjs.org/is-obj cache-miss
1038 http cache https://registry.npmjs.org/jest-worker 9ms (cache hit)
1039 silly packumentCache full:https://registry.npmjs.org/jest-worker set size:460562 disposed:false
1040 silly fetch manifest is-regexp@^1.0.0
1041 silly packumentCache full:https://registry.npmjs.org/is-regexp cache-miss
1042 http fetch GET 200 https://registry.npmjs.org/@babel%2fplugin-transform-unicode-sets-regex 110ms (cache miss)
1043 silly packumentCache full:https://registry.npmjs.org/@babel%2fplugin-transform-unicode-sets-regex set size:undefined disposed:false
1044 silly fetch manifest get-own-enumerable-property-symbols@^3.0.0
1045 silly packumentCache full:https://registry.npmjs.org/get-own-enumerable-property-symbols cache-miss
1046 http fetch GET 200 https://registry.npmjs.org/babel-plugin-polyfill-corejs2 108ms (cache miss)
1047 silly packumentCache full:https://registry.npmjs.org/babel-plugin-polyfill-corejs2 set size:undefined disposed:false
1048 silly fetch manifest temp-dir@^2.0.0
1049 silly packumentCache full:https://registry.npmjs.org/temp-dir cache-miss
1050 http fetch GET 200 https://registry.npmjs.org/@babel%2fplugin-transform-template-literals 148ms (cache miss)
1051 silly packumentCache full:https://registry.npmjs.org/@babel%2fplugin-transform-template-literals set size:undefined disposed:false
1052 silly fetch manifest is-stream@^2.0.0
1053 silly packumentCache full:https://registry.npmjs.org/is-stream cache-miss
1054 http fetch GET 200 https://registry.npmjs.org/babel-plugin-polyfill-corejs3 106ms (cache miss)
1055 silly packumentCache full:https://registry.npmjs.org/babel-plugin-polyfill-corejs3 set size:undefined disposed:false
1056 silly fetch manifest type-fest@^0.16.0
1057 silly packumentCache full:https://registry.npmjs.org/type-fest cache-miss
1058 http fetch GET 200 https://registry.npmjs.org/core-js-compat 113ms (cache miss)
1059 silly packumentCache full:https://registry.npmjs.org/core-js-compat set size:undefined disposed:false
1060 silly fetch manifest unique-string@^2.0.0
1061 silly packumentCache full:https://registry.npmjs.org/unique-string cache-miss
1062 http fetch GET 200 https://registry.npmjs.org/is-module 121ms (cache miss)
1063 silly packumentCache full:https://registry.npmjs.org/is-module set size:undefined disposed:false
1064 silly fetch manifest idb@^7.0.1
1065 silly packumentCache full:https://registry.npmjs.org/idb cache-miss
1066 http fetch GET 200 https://registry.npmjs.org/deepmerge 123ms (cache miss)
1067 silly packumentCache full:https://registry.npmjs.org/deepmerge set size:undefined disposed:false
1068 silly fetch manifest idb@^7.0.1
1069 silly packumentCache full:https://registry.npmjs.org/idb cache-miss
1070 http fetch GET 200 https://registry.npmjs.org/babel-plugin-polyfill-regenerator 134ms (cache miss)
1071 silly packumentCache full:https://registry.npmjs.org/babel-plugin-polyfill-regenerator set size:undefined disposed:false
1072 http fetch GET 200 https://registry.npmjs.org/builtin-modules 115ms (cache miss)
1073 silly packumentCache full:https://registry.npmjs.org/builtin-modules set size:undefined disposed:false
1074 http fetch GET 200 https://registry.npmjs.org/@types%2fresolve 135ms (cache miss)
1075 silly packumentCache full:https://registry.npmjs.org/@types%2fresolve set size:undefined disposed:false
1076 http fetch GET 200 https://registry.npmjs.org/magic-string 92ms (cache miss)
1077 silly packumentCache full:https://registry.npmjs.org/magic-string set size:undefined disposed:false
1078 http fetch GET 200 https://registry.npmjs.org/universalify 83ms (cache miss)
1079 silly packumentCache full:https://registry.npmjs.org/universalify set size:undefined disposed:false
1080 http fetch GET 200 https://registry.npmjs.org/@rollup%2fpluginutils 158ms (cache miss)
1081 silly packumentCache full:https://registry.npmjs.org/@rollup%2fpluginutils set size:undefined disposed:false
1082 http fetch GET 200 https://registry.npmjs.org/jsonfile 88ms (cache miss)
1083 silly packumentCache full:https://registry.npmjs.org/jsonfile set size:undefined disposed:false
1084 http fetch GET 200 https://registry.npmjs.org/@rollup%2fpluginutils 118ms (cache miss)
1085 silly packumentCache full:https://registry.npmjs.org/@rollup%2fpluginutils set size:undefined disposed:false
1086 http fetch GET 200 https://registry.npmjs.org/@babel%2fplugin-transform-typeof-symbol 212ms (cache miss)
1087 silly packumentCache full:https://registry.npmjs.org/@babel%2fplugin-transform-typeof-symbol set size:undefined disposed:false
1088 http fetch GET 200 https://registry.npmjs.org/ejs 113ms (cache miss)
1089 silly packumentCache full:https://registry.npmjs.org/ejs set size:undefined disposed:false
1090 http fetch GET 200 https://registry.npmjs.org/@rollup%2fpluginutils 143ms (cache miss)
1091 silly packumentCache full:https://registry.npmjs.org/@rollup%2fpluginutils set size:undefined disposed:false
1092 http fetch GET 200 https://registry.npmjs.org/magic-string 145ms (cache miss)
1093 silly packumentCache full:https://registry.npmjs.org/magic-string set size:undefined disposed:false
1094 http fetch GET 200 https://registry.npmjs.org/at-least-node 98ms (cache miss)
1095 silly packumentCache full:https://registry.npmjs.org/at-least-node set size:undefined disposed:false
1096 http fetch GET 200 https://registry.npmjs.org/is-obj 100ms (cache miss)
1097 silly packumentCache full:https://registry.npmjs.org/is-obj set size:undefined disposed:false
1098 http fetch GET 200 https://registry.npmjs.org/whatwg-url 107ms (cache miss)
1099 silly packumentCache full:https://registry.npmjs.org/whatwg-url set size:undefined disposed:false
1100 http fetch GET 200 https://registry.npmjs.org/get-own-enumerable-property-symbols 101ms (cache miss)
1101 silly packumentCache full:https://registry.npmjs.org/get-own-enumerable-property-symbols set size:undefined disposed:false
1102 http fetch GET 200 https://registry.npmjs.org/temp-dir 111ms (cache miss)
1103 silly packumentCache full:https://registry.npmjs.org/temp-dir set size:undefined disposed:false
1104 http fetch GET 200 https://registry.npmjs.org/is-regexp 116ms (cache miss)
1105 silly packumentCache full:https://registry.npmjs.org/is-regexp set size:undefined disposed:false
1106 http fetch GET 200 https://registry.npmjs.org/is-stream 122ms (cache miss)
1107 silly packumentCache full:https://registry.npmjs.org/is-stream set size:undefined disposed:false
1108 http fetch GET 200 https://registry.npmjs.org/idb 88ms (cache miss)
1109 silly packumentCache full:https://registry.npmjs.org/idb set size:undefined disposed:false
1110 http fetch GET 200 https://registry.npmjs.org/type-fest 123ms (cache miss)
1111 silly packumentCache full:https://registry.npmjs.org/type-fest set size:undefined disposed:false
1112 http fetch GET 200 https://registry.npmjs.org/idb 95ms (cache miss)
1113 silly packumentCache full:https://registry.npmjs.org/idb set size:undefined disposed:false
1114 http fetch GET 200 https://registry.npmjs.org/unique-string 118ms (cache miss)
1115 silly packumentCache full:https://registry.npmjs.org/unique-string set size:undefined disposed:false
1116 silly fetch manifest @babel/core@^7.0.0-0
1117 silly packumentCache full:https://registry.npmjs.org/@babel%2fcore cache-hit
1118 silly placeDep ROOT @babel/helper-plugin-utils@7.28.6 OK for: @babel/preset-env@7.28.6 want: ^7.28.6
1119 silly placeDep ROOT @babel/plugin-bugfix-firefox-class-in-computed-class-key@7.28.5 OK for: @babel/preset-env@7.28.6 want: ^7.28.5
1120 silly placeDep ROOT @babel/plugin-bugfix-safari-class-field-initializer-scope@7.27.1 OK for: @babel/preset-env@7.28.6 want: ^7.27.1
1121 silly placeDep ROOT @babel/plugin-bugfix-safari-id-destructuring-collision-in-function-expression@7.27.1 OK for: @babel/preset-env@7.28.6 want: ^7.27.1
1122 silly placeDep ROOT @babel/plugin-bugfix-v8-spread-parameters-in-optional-chaining@7.27.1 OK for: @babel/preset-env@7.28.6 want: ^7.27.1
1123 silly placeDep ROOT @babel/plugin-bugfix-v8-static-class-fields-redefine-readonly@7.28.6 OK for: @babel/preset-env@7.28.6 want: ^7.28.6
1124 silly placeDep ROOT @babel/plugin-proposal-private-property-in-object@7.21.0-placeholder-for-preset-env.2 OK for: @babel/preset-env@7.28.6 want: 7.21.0-placeholder-for-preset-env.2
1125 silly placeDep ROOT @babel/plugin-syntax-import-assertions@7.28.6 OK for: @babel/preset-env@7.28.6 want: ^7.28.6
1126 silly placeDep ROOT @babel/plugin-syntax-import-attributes@7.28.6 OK for: @babel/preset-env@7.28.6 want: ^7.28.6
1127 silly placeDep ROOT @babel/plugin-syntax-unicode-sets-regex@7.18.6 OK for: @babel/preset-env@7.28.6 want: ^7.18.6
1128 silly placeDep ROOT @babel/plugin-transform-arrow-functions@7.27.1 OK for: @babel/preset-env@7.28.6 want: ^7.27.1
1129 silly placeDep ROOT @babel/plugin-transform-async-generator-functions@7.28.6 OK for: @babel/preset-env@7.28.6 want: ^7.28.6
1130 silly placeDep ROOT @babel/plugin-transform-async-to-generator@7.28.6 OK for: @babel/preset-env@7.28.6 want: ^7.28.6
1131 silly placeDep ROOT @babel/plugin-transform-block-scoped-functions@7.27.1 OK for: @babel/preset-env@7.28.6 want: ^7.27.1
1132 silly placeDep ROOT @babel/plugin-transform-block-scoping@7.28.6 OK for: @babel/preset-env@7.28.6 want: ^7.28.6
1133 silly placeDep ROOT @babel/plugin-transform-class-properties@7.28.6 OK for: @babel/preset-env@7.28.6 want: ^7.28.6
1134 silly placeDep ROOT @babel/plugin-transform-class-static-block@7.28.6 OK for: @babel/preset-env@7.28.6 want: ^7.28.6
1135 silly placeDep ROOT @babel/plugin-transform-classes@7.28.6 OK for: @babel/preset-env@7.28.6 want: ^7.28.6
1136 silly placeDep ROOT @babel/plugin-transform-computed-properties@7.28.6 OK for: @babel/preset-env@7.28.6 want: ^7.28.6
1137 silly placeDep ROOT @babel/plugin-transform-destructuring@7.28.5 OK for: @babel/preset-env@7.28.6 want: ^7.28.5
1138 silly placeDep ROOT @babel/plugin-transform-dotall-regex@7.28.6 OK for: @babel/preset-env@7.28.6 want: ^7.28.6
1139 silly placeDep ROOT @babel/plugin-transform-duplicate-keys@7.27.1 OK for: @babel/preset-env@7.28.6 want: ^7.27.1
1140 silly placeDep ROOT @babel/plugin-transform-duplicate-named-capturing-groups-regex@7.28.6 OK for: @babel/preset-env@7.28.6 want: ^7.28.6
1141 silly placeDep ROOT @babel/plugin-transform-dynamic-import@7.27.1 OK for: @babel/preset-env@7.28.6 want: ^7.27.1
1142 silly placeDep ROOT @babel/plugin-transform-explicit-resource-management@7.28.6 OK for: @babel/preset-env@7.28.6 want: ^7.28.6
1143 silly placeDep ROOT @babel/plugin-transform-exponentiation-operator@7.28.6 OK for: @babel/preset-env@7.28.6 want: ^7.28.6
1144 silly placeDep ROOT @babel/plugin-transform-export-namespace-from@7.27.1 OK for: @babel/preset-env@7.28.6 want: ^7.27.1
1145 silly placeDep ROOT @babel/plugin-transform-for-of@7.27.1 OK for: @babel/preset-env@7.28.6 want: ^7.27.1
1146 silly placeDep ROOT @babel/plugin-transform-function-name@7.27.1 OK for: @babel/preset-env@7.28.6 want: ^7.27.1
1147 silly placeDep ROOT @babel/plugin-transform-json-strings@7.28.6 OK for: @babel/preset-env@7.28.6 want: ^7.28.6
1148 silly placeDep ROOT @babel/plugin-transform-literals@7.27.1 OK for: @babel/preset-env@7.28.6 want: ^7.27.1
1149 silly placeDep ROOT @babel/plugin-transform-logical-assignment-operators@7.28.6 OK for: @babel/preset-env@7.28.6 want: ^7.28.6
1150 silly placeDep ROOT @babel/plugin-transform-member-expression-literals@7.27.1 OK for: @babel/preset-env@7.28.6 want: ^7.27.1
1151 silly placeDep ROOT @babel/plugin-transform-modules-amd@7.27.1 OK for: @babel/preset-env@7.28.6 want: ^7.27.1
1152 silly placeDep ROOT @babel/plugin-transform-modules-commonjs@7.28.6 OK for: @babel/preset-env@7.28.6 want: ^7.28.6
1153 silly placeDep ROOT @babel/plugin-transform-modules-systemjs@7.28.5 OK for: @babel/preset-env@7.28.6 want: ^7.28.5
1154 silly placeDep ROOT @babel/plugin-transform-modules-umd@7.27.1 OK for: @babel/preset-env@7.28.6 want: ^7.27.1
1155 silly placeDep ROOT @babel/plugin-transform-named-capturing-groups-regex@7.27.1 OK for: @babel/preset-env@7.28.6 want: ^7.27.1
1156 silly placeDep ROOT @babel/plugin-transform-new-target@7.27.1 OK for: @babel/preset-env@7.28.6 want: ^7.27.1
1157 silly placeDep ROOT @babel/plugin-transform-nullish-coalescing-operator@7.28.6 OK for: @babel/preset-env@7.28.6 want: ^7.28.6
1158 silly placeDep ROOT @babel/plugin-transform-numeric-separator@7.28.6 OK for: @babel/preset-env@7.28.6 want: ^7.28.6
1159 silly placeDep ROOT @babel/plugin-transform-object-rest-spread@7.28.6 OK for: @babel/preset-env@7.28.6 want: ^7.28.6
1160 silly placeDep ROOT @babel/plugin-transform-object-super@7.27.1 OK for: @babel/preset-env@7.28.6 want: ^7.27.1
1161 silly placeDep ROOT @babel/plugin-transform-optional-catch-binding@7.28.6 OK for: @babel/preset-env@7.28.6 want: ^7.28.6
1162 silly placeDep ROOT @babel/plugin-transform-optional-chaining@7.28.6 OK for: @babel/preset-env@7.28.6 want: ^7.28.6
1163 silly placeDep ROOT @babel/plugin-transform-parameters@7.27.7 OK for: @babel/preset-env@7.28.6 want: ^7.27.7
1164 silly placeDep ROOT @babel/plugin-transform-private-methods@7.28.6 OK for: @babel/preset-env@7.28.6 want: ^7.28.6
1165 silly placeDep ROOT @babel/plugin-transform-private-property-in-object@7.28.6 OK for: @babel/preset-env@7.28.6 want: ^7.28.6
1166 silly placeDep ROOT @babel/plugin-transform-property-literals@7.27.1 OK for: @babel/preset-env@7.28.6 want: ^7.27.1
1167 silly placeDep ROOT @babel/plugin-transform-regenerator@7.28.6 OK for: @babel/preset-env@7.28.6 want: ^7.28.6
1168 silly placeDep ROOT @babel/plugin-transform-regexp-modifiers@7.28.6 OK for: @babel/preset-env@7.28.6 want: ^7.28.6
1169 silly placeDep ROOT @babel/plugin-transform-reserved-words@7.27.1 OK for: @babel/preset-env@7.28.6 want: ^7.27.1
1170 silly placeDep ROOT @babel/plugin-transform-shorthand-properties@7.27.1 OK for: @babel/preset-env@7.28.6 want: ^7.27.1
1171 silly placeDep ROOT @babel/plugin-transform-spread@7.28.6 OK for: @babel/preset-env@7.28.6 want: ^7.28.6
1172 silly placeDep ROOT @babel/plugin-transform-sticky-regex@7.27.1 OK for: @babel/preset-env@7.28.6 want: ^7.27.1
1173 silly placeDep ROOT @babel/plugin-transform-template-literals@7.27.1 OK for: @babel/preset-env@7.28.6 want: ^7.27.1
1174 silly placeDep ROOT @babel/plugin-transform-typeof-symbol@7.27.1 OK for: @babel/preset-env@7.28.6 want: ^7.27.1
1175 silly placeDep ROOT @babel/plugin-transform-unicode-escapes@7.27.1 OK for: @babel/preset-env@7.28.6 want: ^7.27.1
1176 silly placeDep ROOT @babel/plugin-transform-unicode-property-regex@7.28.6 OK for: @babel/preset-env@7.28.6 want: ^7.28.6
1177 silly placeDep ROOT @babel/plugin-transform-unicode-regex@7.27.1 OK for: @babel/preset-env@7.28.6 want: ^7.27.1
1178 silly placeDep ROOT @babel/plugin-transform-unicode-sets-regex@7.28.6 OK for: @babel/preset-env@7.28.6 want: ^7.28.6
1179 silly placeDep ROOT @babel/preset-modules@0.1.6-no-external-plugins OK for: @babel/preset-env@7.28.6 want: 0.1.6-no-external-plugins
1180 silly placeDep ROOT babel-plugin-polyfill-corejs2@0.4.15 OK for: @babel/preset-env@7.28.6 want: ^0.4.14
1181 silly placeDep ROOT babel-plugin-polyfill-corejs3@0.13.0 OK for: @babel/preset-env@7.28.6 want: ^0.13.0
1182 silly placeDep ROOT babel-plugin-polyfill-regenerator@0.6.6 OK for: @babel/preset-env@7.28.6 want: ^0.6.5
1183 silly placeDep ROOT core-js-compat@3.48.0 OK for: @babel/preset-env@7.28.6 want: ^3.43.0
1184 silly fetch manifest @babel/plugin-transform-optional-chaining@^7.27.1
1185 silly packumentCache full:https://registry.npmjs.org/@babel%2fplugin-transform-optional-chaining cache-miss
1186 silly fetch manifest @babel/helper-skip-transparent-expression-wrappers@^7.27.1
1187 silly packumentCache full:https://registry.npmjs.org/@babel%2fhelper-skip-transparent-expression-wrappers cache-miss
1188 silly fetch manifest @babel/helper-create-regexp-features-plugin@^7.18.6
1189 silly packumentCache full:https://registry.npmjs.org/@babel%2fhelper-create-regexp-features-plugin cache-miss
1190 silly fetch manifest @babel/helper-remap-async-to-generator@^7.27.1
1191 silly packumentCache full:https://registry.npmjs.org/@babel%2fhelper-remap-async-to-generator cache-miss
1192 silly fetch manifest @babel/helper-remap-async-to-generator@^7.27.1
1193 silly packumentCache full:https://registry.npmjs.org/@babel%2fhelper-remap-async-to-generator cache-miss
1194 silly fetch manifest @babel/helper-create-class-features-plugin@^7.28.6
1195 silly packumentCache full:https://registry.npmjs.org/@babel%2fhelper-create-class-features-plugin cache-miss
1196 silly fetch manifest @babel/helper-create-class-features-plugin@^7.28.6
1197 silly packumentCache full:https://registry.npmjs.org/@babel%2fhelper-create-class-features-plugin cache-miss
1198 silly fetch manifest @babel/helper-annotate-as-pure@^7.27.3
1199 silly packumentCache full:https://registry.npmjs.org/@babel%2fhelper-annotate-as-pure cache-miss
1200 silly fetch manifest @babel/helper-replace-supers@^7.28.6
1201 silly packumentCache full:https://registry.npmjs.org/@babel%2fhelper-replace-supers cache-miss
1202 silly fetch manifest @babel/helper-create-regexp-features-plugin@^7.28.5
1203 silly packumentCache full:https://registry.npmjs.org/@babel%2fhelper-create-regexp-features-plugin cache-miss
1204 silly fetch manifest @babel/helper-create-regexp-features-plugin@^7.28.5
1205 silly packumentCache full:https://registry.npmjs.org/@babel%2fhelper-create-regexp-features-plugin cache-miss
1206 silly fetch manifest @babel/helper-skip-transparent-expression-wrappers@^7.27.1
1207 silly packumentCache full:https://registry.npmjs.org/@babel%2fhelper-skip-transparent-expression-wrappers cache-miss
1208 silly fetch manifest @babel/helper-create-regexp-features-plugin@^7.27.1
1209 silly packumentCache full:https://registry.npmjs.org/@babel%2fhelper-create-regexp-features-plugin cache-miss
1210 silly fetch manifest @babel/helper-replace-supers@^7.27.1
1211 silly packumentCache full:https://registry.npmjs.org/@babel%2fhelper-replace-supers cache-miss
1212 silly fetch manifest @babel/helper-skip-transparent-expression-wrappers@^7.27.1
1213 silly packumentCache full:https://registry.npmjs.org/@babel%2fhelper-skip-transparent-expression-wrappers cache-miss
1214 silly fetch manifest @babel/helper-create-class-features-plugin@^7.28.6
1215 silly packumentCache full:https://registry.npmjs.org/@babel%2fhelper-create-class-features-plugin cache-miss
1216 silly fetch manifest @babel/helper-annotate-as-pure@^7.27.3
1217 silly packumentCache full:https://registry.npmjs.org/@babel%2fhelper-annotate-as-pure cache-miss
1218 silly fetch manifest @babel/helper-create-class-features-plugin@^7.28.6
1219 silly packumentCache full:https://registry.npmjs.org/@babel%2fhelper-create-class-features-plugin cache-miss
1220 silly fetch manifest @babel/helper-create-regexp-features-plugin@^7.28.5
1221 silly packumentCache full:https://registry.npmjs.org/@babel%2fhelper-create-regexp-features-plugin cache-miss
1222 silly fetch manifest @babel/helper-skip-transparent-expression-wrappers@^7.27.1
1223 silly packumentCache full:https://registry.npmjs.org/@babel%2fhelper-skip-transparent-expression-wrappers cache-miss
1224 silly fetch manifest @babel/helper-create-regexp-features-plugin@^7.28.5
1225 silly packumentCache full:https://registry.npmjs.org/@babel%2fhelper-create-regexp-features-plugin cache-miss
1226 silly fetch manifest @babel/helper-create-regexp-features-plugin@^7.27.1
1227 silly packumentCache full:https://registry.npmjs.org/@babel%2fhelper-create-regexp-features-plugin cache-miss
1228 silly fetch manifest @babel/helper-create-regexp-features-plugin@^7.28.5
1229 silly packumentCache full:https://registry.npmjs.org/@babel%2fhelper-create-regexp-features-plugin cache-miss
1230 http cache https://registry.npmjs.org/@babel%2fplugin-transform-optional-chaining 10ms (cache hit)
1231 silly packumentCache full:https://registry.npmjs.org/@babel%2fplugin-transform-optional-chaining set size:97687 disposed:false
1232 silly fetch manifest @babel/helper-define-polyfill-provider@^0.6.6
1233 silly packumentCache full:https://registry.npmjs.org/@babel%2fhelper-define-polyfill-provider cache-miss
1234 http fetch GET 200 https://registry.npmjs.org/@babel%2fhelper-create-regexp-features-plugin 93ms (cache miss)
1235 silly packumentCache full:https://registry.npmjs.org/@babel%2fhelper-create-regexp-features-plugin set size:undefined disposed:false
1236 silly fetch manifest @babel/helper-define-polyfill-provider@^0.6.5
1237 silly packumentCache full:https://registry.npmjs.org/@babel%2fhelper-define-polyfill-provider cache-miss
1238 http fetch GET 200 https://registry.npmjs.org/@babel%2fhelper-replace-supers 95ms (cache miss)
1239 silly packumentCache full:https://registry.npmjs.org/@babel%2fhelper-replace-supers set size:undefined disposed:false
1240 silly fetch manifest @babel/helper-define-polyfill-provider@^0.6.6
1241 silly packumentCache full:https://registry.npmjs.org/@babel%2fhelper-define-polyfill-provider cache-miss
1242 http fetch GET 200 https://registry.npmjs.org/@babel%2fhelper-skip-transparent-expression-wrappers 98ms (cache miss)
1243 silly packumentCache full:https://registry.npmjs.org/@babel%2fhelper-skip-transparent-expression-wrappers set size:undefined disposed:false
1244 http fetch GET 200 https://registry.npmjs.org/@babel%2fhelper-create-regexp-features-plugin 99ms (cache miss)
1245 silly packumentCache full:https://registry.npmjs.org/@babel%2fhelper-create-regexp-features-plugin set size:undefined disposed:false
1246 http fetch GET 200 https://registry.npmjs.org/@babel%2fhelper-create-regexp-features-plugin 100ms (cache miss)
1247 silly packumentCache full:https://registry.npmjs.org/@babel%2fhelper-create-regexp-features-plugin set size:undefined disposed:false
1248 http fetch GET 200 https://registry.npmjs.org/@babel%2fhelper-skip-transparent-expression-wrappers 102ms (cache miss)
1249 silly packumentCache full:https://registry.npmjs.org/@babel%2fhelper-skip-transparent-expression-wrappers set size:undefined disposed:false
1250 http fetch GET 200 https://registry.npmjs.org/@babel%2fhelper-skip-transparent-expression-wrappers 103ms (cache miss)
1251 silly packumentCache full:https://registry.npmjs.org/@babel%2fhelper-skip-transparent-expression-wrappers set size:undefined disposed:false
1252 http fetch GET 200 https://registry.npmjs.org/@babel%2fhelper-annotate-as-pure 103ms (cache miss)
1253 silly packumentCache full:https://registry.npmjs.org/@babel%2fhelper-annotate-as-pure set size:undefined disposed:false
1254 http fetch GET 200 https://registry.npmjs.org/@babel%2fhelper-remap-async-to-generator 105ms (cache miss)
1255 silly packumentCache full:https://registry.npmjs.org/@babel%2fhelper-remap-async-to-generator set size:undefined disposed:false
1256 http fetch GET 200 https://registry.npmjs.org/@babel%2fhelper-replace-supers 106ms (cache miss)
1257 silly packumentCache full:https://registry.npmjs.org/@babel%2fhelper-replace-supers set size:undefined disposed:false
1258 http fetch GET 200 https://registry.npmjs.org/@babel%2fhelper-remap-async-to-generator 108ms (cache miss)
1259 silly packumentCache full:https://registry.npmjs.org/@babel%2fhelper-remap-async-to-generator set size:undefined disposed:false
1260 http fetch GET 200 https://registry.npmjs.org/@babel%2fhelper-create-class-features-plugin 111ms (cache miss)
1261 silly packumentCache full:https://registry.npmjs.org/@babel%2fhelper-create-class-features-plugin set size:undefined disposed:false
1262 http fetch GET 200 https://registry.npmjs.org/@babel%2fhelper-create-class-features-plugin 113ms (cache miss)
1263 silly packumentCache full:https://registry.npmjs.org/@babel%2fhelper-create-class-features-plugin set size:undefined disposed:false
1264 http fetch GET 200 https://registry.npmjs.org/@babel%2fhelper-create-class-features-plugin 132ms (cache miss)
1265 silly packumentCache full:https://registry.npmjs.org/@babel%2fhelper-create-class-features-plugin set size:undefined disposed:false
1266 http fetch GET 200 https://registry.npmjs.org/@babel%2fhelper-create-regexp-features-plugin 137ms (cache miss)
1267 silly packumentCache full:https://registry.npmjs.org/@babel%2fhelper-create-regexp-features-plugin set size:undefined disposed:false
1268 http fetch GET 200 https://registry.npmjs.org/@babel%2fhelper-create-regexp-features-plugin 153ms (cache miss)
1269 silly packumentCache full:https://registry.npmjs.org/@babel%2fhelper-create-regexp-features-plugin set size:undefined disposed:false
1270 http fetch GET 200 https://registry.npmjs.org/@babel%2fhelper-create-regexp-features-plugin 157ms (cache miss)
1271 silly packumentCache full:https://registry.npmjs.org/@babel%2fhelper-create-regexp-features-plugin set size:undefined disposed:false
1272 http fetch GET 200 https://registry.npmjs.org/@babel%2fhelper-create-regexp-features-plugin 159ms (cache miss)
1273 silly packumentCache full:https://registry.npmjs.org/@babel%2fhelper-create-regexp-features-plugin set size:undefined disposed:false
1274 http fetch GET 200 https://registry.npmjs.org/@babel%2fhelper-skip-transparent-expression-wrappers 160ms (cache miss)
1275 silly packumentCache full:https://registry.npmjs.org/@babel%2fhelper-skip-transparent-expression-wrappers set size:undefined disposed:false
1276 http fetch GET 200 https://registry.npmjs.org/@babel%2fhelper-create-regexp-features-plugin 161ms (cache miss)
1277 silly packumentCache full:https://registry.npmjs.org/@babel%2fhelper-create-regexp-features-plugin set size:undefined disposed:false
1278 http fetch GET 200 https://registry.npmjs.org/@babel%2fhelper-create-class-features-plugin 162ms (cache miss)
1279 silly packumentCache full:https://registry.npmjs.org/@babel%2fhelper-create-class-features-plugin set size:undefined disposed:false
1280 http fetch GET 200 https://registry.npmjs.org/@babel%2fhelper-define-polyfill-provider 158ms (cache miss)
1281 silly packumentCache full:https://registry.npmjs.org/@babel%2fhelper-define-polyfill-provider set size:undefined disposed:false
1282 http fetch GET 200 https://registry.npmjs.org/@babel%2fhelper-define-polyfill-provider 79ms (cache miss)
1283 silly packumentCache full:https://registry.npmjs.org/@babel%2fhelper-define-polyfill-provider set size:undefined disposed:false
1284 http fetch GET 200 https://registry.npmjs.org/@babel%2fhelper-define-polyfill-provider 81ms (cache miss)
1285 silly packumentCache full:https://registry.npmjs.org/@babel%2fhelper-define-polyfill-provider set size:undefined disposed:false
1286 http fetch GET 200 https://registry.npmjs.org/@babel%2fhelper-annotate-as-pure 206ms (cache miss)
1287 silly packumentCache full:https://registry.npmjs.org/@babel%2fhelper-annotate-as-pure set size:undefined disposed:false
1288 silly placeDep ROOT @babel/helper-skip-transparent-expression-wrappers@7.27.1 OK for: @babel/plugin-bugfix-v8-spread-parameters-in-optional-chaining@7.27.1 want: ^7.27.1
1289 silly placeDep ROOT @babel/helper-create-regexp-features-plugin@7.28.5 OK for: @babel/plugin-syntax-unicode-sets-regex@7.18.6 want: ^7.18.6
1290 silly fetch manifest regexpu-core@^6.3.1
1291 silly packumentCache full:https://registry.npmjs.org/regexpu-core cache-miss
1292 http fetch GET 200 https://registry.npmjs.org/regexpu-core 69ms (cache miss)
1293 silly packumentCache full:https://registry.npmjs.org/regexpu-core set size:undefined disposed:false
1294 silly placeDep ROOT @babel/helper-annotate-as-pure@7.27.3 OK for: @babel/helper-create-regexp-features-plugin@7.28.5 want: ^7.27.3
1295 silly placeDep ROOT regexpu-core@6.4.0 OK for: @babel/helper-create-regexp-features-plugin@7.28.5 want: ^6.3.1
1296 silly fetch manifest regenerate@^1.4.2
1297 silly packumentCache full:https://registry.npmjs.org/regenerate cache-miss
1298 silly fetch manifest regenerate-unicode-properties@^10.2.2
1299 silly packumentCache full:https://registry.npmjs.org/regenerate-unicode-properties cache-miss
1300 silly fetch manifest regjsgen@^0.8.0
1301 silly packumentCache full:https://registry.npmjs.org/regjsgen cache-miss
1302 silly fetch manifest regjsparser@^0.13.0
1303 silly packumentCache full:https://registry.npmjs.org/regjsparser cache-miss
1304 silly fetch manifest unicode-match-property-ecmascript@^2.0.0
1305 silly packumentCache full:https://registry.npmjs.org/unicode-match-property-ecmascript cache-miss
1306 silly fetch manifest unicode-match-property-value-ecmascript@^2.2.1
1307 silly packumentCache full:https://registry.npmjs.org/unicode-match-property-value-ecmascript cache-miss
1308 http fetch GET 200 https://registry.npmjs.org/regenerate-unicode-properties 68ms (cache miss)
1309 silly packumentCache full:https://registry.npmjs.org/regenerate-unicode-properties set size:undefined disposed:false
1310 http fetch GET 200 https://registry.npmjs.org/unicode-match-property-ecmascript 70ms (cache miss)
1311 silly packumentCache full:https://registry.npmjs.org/unicode-match-property-ecmascript set size:undefined disposed:false
1312 http fetch GET 200 https://registry.npmjs.org/regenerate 73ms (cache miss)
1313 silly packumentCache full:https://registry.npmjs.org/regenerate set size:undefined disposed:false
1314 http fetch GET 200 https://registry.npmjs.org/unicode-match-property-value-ecmascript 73ms (cache miss)
1315 silly packumentCache full:https://registry.npmjs.org/unicode-match-property-value-ecmascript set size:undefined disposed:false
1316 http fetch GET 200 https://registry.npmjs.org/regjsgen 75ms (cache miss)
1317 silly packumentCache full:https://registry.npmjs.org/regjsgen set size:undefined disposed:false
1318 http fetch GET 200 https://registry.npmjs.org/regjsparser 82ms (cache miss)
1319 silly packumentCache full:https://registry.npmjs.org/regjsparser set size:undefined disposed:false
1320 silly placeDep ROOT @babel/helper-remap-async-to-generator@7.27.1 OK for: @babel/plugin-transform-async-generator-functions@7.28.6 want: ^7.27.1
1321 silly fetch manifest @babel/helper-wrap-function@^7.27.1
1322 silly packumentCache full:https://registry.npmjs.org/@babel%2fhelper-wrap-function cache-miss
1323 http fetch GET 200 https://registry.npmjs.org/@babel%2fhelper-wrap-function 85ms (cache miss)
1324 silly packumentCache full:https://registry.npmjs.org/@babel%2fhelper-wrap-function set size:undefined disposed:false
1325 silly placeDep ROOT @babel/helper-wrap-function@7.28.6 OK for: @babel/helper-remap-async-to-generator@7.27.1 want: ^7.27.1
1326 silly placeDep ROOT @babel/helper-create-class-features-plugin@7.28.6 OK for: @babel/plugin-transform-class-properties@7.28.6 want: ^7.28.6
1327 silly fetch manifest @babel/helper-member-expression-to-functions@^7.28.5
1328 silly packumentCache full:https://registry.npmjs.org/@babel%2fhelper-member-expression-to-functions cache-miss
1329 silly fetch manifest @babel/helper-optimise-call-expression@^7.27.1
1330 silly packumentCache full:https://registry.npmjs.org/@babel%2fhelper-optimise-call-expression cache-miss
1331 http fetch GET 200 https://registry.npmjs.org/@babel%2fhelper-member-expression-to-functions 72ms (cache miss)
1332 silly packumentCache full:https://registry.npmjs.org/@babel%2fhelper-member-expression-to-functions set size:undefined disposed:false
1333 http fetch GET 200 https://registry.npmjs.org/@babel%2fhelper-optimise-call-expression 84ms (cache miss)
1334 silly packumentCache full:https://registry.npmjs.org/@babel%2fhelper-optimise-call-expression set size:undefined disposed:false
1335 silly placeDep ROOT @babel/helper-member-expression-to-functions@7.28.5 OK for: @babel/helper-create-class-features-plugin@7.28.6 want: ^7.28.5
1336 silly placeDep ROOT @babel/helper-optimise-call-expression@7.27.1 OK for: @babel/helper-create-class-features-plugin@7.28.6 want: ^7.27.1
1337 silly placeDep ROOT @babel/helper-replace-supers@7.28.6 OK for: @babel/helper-create-class-features-plugin@7.28.6 want: ^7.28.6
1338 silly fetch manifest rollup@^1.20.0||^2.0.0
1339 silly packumentCache full:https://registry.npmjs.org/rollup cache-miss
1340 http cache https://registry.npmjs.org/rollup 10ms (cache hit)
1341 silly packumentCache full:https://registry.npmjs.org/rollup set size:6063393 disposed:false
1342 silly placeDep ROOT @rollup/pluginutils@3.1.0 OK for: @rollup/plugin-babel@5.3.1 want: ^3.1.0
1343 silly fetch manifest @types/estree@0.0.39
1344 silly packumentCache full:https://registry.npmjs.org/@types%2festree cache-miss
1345 silly fetch manifest estree-walker@^1.0.1
1346 silly packumentCache full:https://registry.npmjs.org/estree-walker cache-miss
1347 http fetch GET 200 https://registry.npmjs.org/estree-walker 64ms (cache miss)
1348 silly packumentCache full:https://registry.npmjs.org/estree-walker set size:undefined disposed:false
1349 http fetch GET 200 https://registry.npmjs.org/@types%2festree 78ms (cache miss)
1350 silly packumentCache full:https://registry.npmjs.org/@types%2festree set size:undefined disposed:false
1351 silly placeDep ROOT @types/resolve@1.17.1 OK for: @rollup/plugin-node-resolve@11.2.1 want: 1.17.1
1352 silly placeDep ROOT builtin-modules@3.3.0 OK for: @rollup/plugin-node-resolve@11.2.1 want: ^3.1.0
1353 silly placeDep ROOT deepmerge@4.3.1 OK for: @rollup/plugin-node-resolve@11.2.1 want: ^4.2.2
1354 silly placeDep ROOT is-module@1.0.0 OK for: @rollup/plugin-node-resolve@11.2.1 want: ^1.0.0
1355 silly placeDep node_modules/@rollup/plugin-replace magic-string@0.25.9 OK for: @rollup/plugin-replace@2.4.2 want: ^0.25.7
1356 silly fetch manifest sourcemap-codec@^1.4.8
1357 silly packumentCache full:https://registry.npmjs.org/sourcemap-codec cache-miss
1358 http fetch GET 200 https://registry.npmjs.org/sourcemap-codec 65ms (cache miss)
1359 silly packumentCache full:https://registry.npmjs.org/sourcemap-codec set size:undefined disposed:false
1360 silly placeDep node_modules/@rollup/pluginutils @types/estree@0.0.39 OK for: @rollup/pluginutils@3.1.0 want: 0.0.39
1361 silly placeDep ROOT estree-walker@1.0.1 OK for: @rollup/pluginutils@3.1.0 want: ^1.0.1
1362 silly placeDep ROOT ejs@3.1.10 OK for: @surma/rollup-plugin-off-main-thread@2.2.3 want: ^3.1.6
1363 silly placeDep node_modules/@surma/rollup-plugin-off-main-thread magic-string@0.25.9 OK for: @surma/rollup-plugin-off-main-thread@2.2.3 want: ^0.25.0
1364 silly fetch manifest jake@^10.8.5
1365 silly packumentCache full:https://registry.npmjs.org/jake cache-miss
1366 http fetch GET 200 https://registry.npmjs.org/jake 69ms (cache miss)
1367 silly packumentCache full:https://registry.npmjs.org/jake set size:undefined disposed:false
1368 silly fetch manifest @babel/core@^7.4.0 || ^8.0.0-0 <8.0.0
1369 silly packumentCache full:https://registry.npmjs.org/@babel%2fcore cache-hit
1370 silly placeDep ROOT @babel/helper-define-polyfill-provider@0.6.6 OK for: babel-plugin-polyfill-corejs2@0.4.15 want: ^0.6.6
1371 silly fetch manifest lodash.debounce@^4.0.8
1372 silly packumentCache full:https://registry.npmjs.org/lodash.debounce cache-miss
1373 http fetch GET 200 https://registry.npmjs.org/lodash.debounce 67ms (cache miss)
1374 silly packumentCache full:https://registry.npmjs.org/lodash.debounce set size:undefined disposed:false
1375 silly placeDep ROOT lodash.debounce@4.0.8 OK for: @babel/helper-define-polyfill-provider@0.6.6 want: ^4.0.8
1376 silly placeDep ROOT jake@10.9.4 OK for: ejs@3.1.10 want: ^10.8.5
1377 silly fetch manifest async@^3.2.6
1378 silly packumentCache full:https://registry.npmjs.org/async cache-miss
1379 silly fetch manifest filelist@^1.0.4
1380 silly packumentCache full:https://registry.npmjs.org/filelist cache-miss
1381 http fetch GET 200 https://registry.npmjs.org/filelist 75ms (cache miss)
1382 silly packumentCache full:https://registry.npmjs.org/filelist set size:undefined disposed:false
1383 http fetch GET 200 https://registry.npmjs.org/async 84ms (cache miss)
1384 silly packumentCache full:https://registry.npmjs.org/async set size:undefined disposed:false
1385 silly placeDep ROOT at-least-node@1.0.0 OK for: fs-extra@9.1.0 want: ^1.0.0
1386 silly placeDep ROOT jsonfile@6.2.0 OK for: fs-extra@9.1.0 want: ^6.0.1
1387 silly placeDep ROOT universalify@2.0.1 OK for: fs-extra@9.1.0 want: ^2.0.0
1388 silly placeDep ROOT async@3.2.6 OK for: jake@10.9.4 want: ^3.2.6
1389 silly placeDep ROOT filelist@1.0.4 OK for: jake@10.9.4 want: ^1.0.4
1390 silly fetch manifest minimatch@^5.0.1
1391 silly packumentCache full:https://registry.npmjs.org/minimatch cache-miss
1392 http fetch GET 200 https://registry.npmjs.org/minimatch 72ms (cache miss)
1393 silly packumentCache full:https://registry.npmjs.org/minimatch set size:undefined disposed:false
1394 silly placeDep node_modules/filelist minimatch@5.1.6 OK for: filelist@1.0.4 want: ^5.0.1
1395 silly fetch manifest brace-expansion@^2.0.1
1396 silly packumentCache full:https://registry.npmjs.org/brace-expansion cache-miss
1397 http fetch GET 200 https://registry.npmjs.org/brace-expansion 71ms (cache miss)
1398 silly packumentCache full:https://registry.npmjs.org/brace-expansion set size:undefined disposed:false
1399 silly placeDep ROOT regenerate@1.4.2 OK for: regexpu-core@6.4.0 want: ^1.4.2
1400 silly placeDep ROOT regenerate-unicode-properties@10.2.2 OK for: regexpu-core@6.4.0 want: ^10.2.2
1401 silly placeDep ROOT regjsgen@0.8.0 OK for: regexpu-core@6.4.0 want: ^0.8.0
1402 silly placeDep ROOT regjsparser@0.13.0 OK for: regexpu-core@6.4.0 want: ^0.13.0
1403 silly placeDep ROOT unicode-match-property-ecmascript@2.0.0 OK for: regexpu-core@6.4.0 want: ^2.0.0
1404 silly placeDep ROOT unicode-match-property-value-ecmascript@2.2.1 OK for: regexpu-core@6.4.0 want: ^2.2.1
1405 silly fetch manifest unicode-canonical-property-names-ecmascript@^2.0.0
1406 silly packumentCache full:https://registry.npmjs.org/unicode-canonical-property-names-ecmascript cache-miss
1407 silly fetch manifest unicode-property-aliases-ecmascript@^2.0.0
1408 silly packumentCache full:https://registry.npmjs.org/unicode-property-aliases-ecmascript cache-miss
1409 http fetch GET 200 https://registry.npmjs.org/unicode-canonical-property-names-ecmascript 68ms (cache miss)
1410 silly packumentCache full:https://registry.npmjs.org/unicode-canonical-property-names-ecmascript set size:undefined disposed:false
1411 http fetch GET 200 https://registry.npmjs.org/unicode-property-aliases-ecmascript 87ms (cache miss)
1412 silly packumentCache full:https://registry.npmjs.org/unicode-property-aliases-ecmascript set size:undefined disposed:false
1413 silly placeDep node_modules/rollup-plugin-terser jest-worker@26.6.2 OK for: rollup-plugin-terser@7.0.2 want: ^26.2.1
1414 silly placeDep node_modules/rollup-plugin-terser serialize-javascript@4.0.0 OK for: rollup-plugin-terser@7.0.2 want: ^4.0.0
1415 silly placeDep ROOT get-own-enumerable-property-symbols@3.0.2 OK for: stringify-object@3.3.0 want: ^3.0.0
1416 silly placeDep ROOT is-obj@1.0.1 OK for: stringify-object@3.3.0 want: ^1.0.1
1417 silly placeDep ROOT is-regexp@1.0.0 OK for: stringify-object@3.3.0 want: ^1.0.0
1418 silly placeDep ROOT is-stream@2.0.1 OK for: tempy@0.6.0 want: ^2.0.0
1419 silly placeDep ROOT temp-dir@2.0.0 OK for: tempy@0.6.0 want: ^2.0.0
1420 silly placeDep ROOT type-fest@0.16.0 OK for: tempy@0.6.0 want: ^0.16.0
1421 silly placeDep ROOT unique-string@2.0.0 OK for: tempy@0.6.0 want: ^2.0.0
1422 silly fetch manifest crypto-random-string@^2.0.0
1423 silly packumentCache full:https://registry.npmjs.org/crypto-random-string cache-miss
1424 http fetch GET 200 https://registry.npmjs.org/crypto-random-string 64ms (cache miss)
1425 silly packumentCache full:https://registry.npmjs.org/crypto-random-string set size:undefined disposed:false
1426 silly placeDep ROOT unicode-canonical-property-names-ecmascript@2.0.1 OK for: unicode-match-property-ecmascript@2.0.0 want: ^2.0.0
1427 silly placeDep ROOT unicode-property-aliases-ecmascript@2.2.0 OK for: unicode-match-property-ecmascript@2.0.0 want: ^2.0.0
1428 silly placeDep ROOT crypto-random-string@2.0.0 OK for: unique-string@2.0.0 want: ^2.0.0
1429 silly placeDep node_modules/workbox-background-sync idb@7.1.1 OK for: workbox-background-sync@6.6.0 want: ^7.0.1
1430 silly placeDep node_modules/workbox-expiration idb@7.1.1 OK for: workbox-expiration@6.6.0 want: ^7.0.1
1431 silly placeDep ROOT @types/trusted-types@2.0.7 OK for: workbox-window@6.6.0 want: ^2.0.2
1432 silly placeDep ROOT sourcemap-codec@1.4.8 OK for: magic-string@0.25.9 want: ^1.4.8
1433 silly placeDep node_modules/del array-union@1.0.2 OK for: globby@6.1.0 want: ^1.0.1
1434 silly placeDep node_modules/del/node_modules/globby pify@2.3.0 OK for: globby@6.1.0 want: ^2.0.0
1435 silly placeDep ROOT pinkie-promise@2.0.1 OK for: globby@6.1.0 want: ^2.0.0
1436 silly fetch manifest array-uniq@^1.0.1
1437 silly packumentCache full:https://registry.npmjs.org/array-uniq cache-miss
1438 silly fetch manifest pinkie@^2.0.0
1439 silly packumentCache full:https://registry.npmjs.org/pinkie cache-miss
1440 http fetch GET 200 https://registry.npmjs.org/pinkie 65ms (cache miss)
1441 silly packumentCache full:https://registry.npmjs.org/pinkie set size:undefined disposed:false
1442 http fetch GET 200 https://registry.npmjs.org/array-uniq 65ms (cache miss)
1443 silly packumentCache full:https://registry.npmjs.org/array-uniq set size:undefined disposed:false
1444 silly placeDep ROOT pinkie@2.0.4 OK for: pinkie-promise@2.0.1 want: ^2.0.0
1445 silly placeDep ROOT array-uniq@1.0.3 OK for: array-union@1.0.2 want: ^1.0.1
1446 silly placeDep node_modules/filelist brace-expansion@2.0.2 OK for: minimatch@5.1.6 want: ^2.0.1
1447 silly placeDep node_modules/pkg-dir locate-path@5.0.0 OK for: find-up@4.1.0 want: ^5.0.0
1448 silly fetch manifest p-locate@^4.1.0
1449 silly packumentCache full:https://registry.npmjs.org/p-locate cache-miss
1450 http fetch GET 200 https://registry.npmjs.org/p-locate 66ms (cache miss)
1451 silly packumentCache full:https://registry.npmjs.org/p-locate set size:undefined disposed:false
1452 silly placeDep node_modules/pkg-dir p-locate@4.1.0 OK for: locate-path@5.0.0 want: ^4.1.0
1453 silly fetch manifest p-limit@^2.2.0
1454 silly packumentCache full:https://registry.npmjs.org/p-limit cache-miss
1455 http fetch GET 200 https://registry.npmjs.org/p-limit 66ms (cache miss)
1456 silly packumentCache full:https://registry.npmjs.org/p-limit set size:undefined disposed:false
1457 silly placeDep node_modules/pkg-dir p-limit@2.3.0 OK for: p-locate@4.1.0 want: ^2.2.0
1458 silly fetch manifest p-try@^2.0.0
1459 silly packumentCache full:https://registry.npmjs.org/p-try cache-miss
1460 http fetch GET 200 https://registry.npmjs.org/p-try 66ms (cache miss)
1461 silly packumentCache full:https://registry.npmjs.org/p-try set size:undefined disposed:false
1462 silly placeDep ROOT p-try@2.2.0 OK for: p-limit@2.3.0 want: ^2.0.0
1463 silly placeDep node_modules/terser-webpack-plugin ajv@8.17.1 OK for: schema-utils@4.3.3 want: ^8.9.0
1464 silly placeDep ROOT ajv-formats@2.1.1 OK for: schema-utils@4.3.3 want: ^2.1.1
1465 silly placeDep node_modules/terser-webpack-plugin ajv-keywords@5.1.0 OK for: schema-utils@4.3.3 want: ^5.1.0
1466 silly fetch manifest ajv@^8.0.0
1467 silly packumentCache full:https://registry.npmjs.org/ajv cache-miss
1468 http cache https://registry.npmjs.org/ajv 4ms (cache hit)
1469 silly packumentCache full:https://registry.npmjs.org/ajv set size:1126055 disposed:false
1470 silly placeDep node_modules/ajv-formats ajv@8.17.1 OK for: ajv-formats@2.1.1 want: ^8.0.0
1471 silly placeDep ROOT fast-uri@3.1.0 OK for: ajv@8.17.1 want: ^3.0.1
1472 silly placeDep node_modules/ajv-formats json-schema-traverse@1.0.0 OK for: ajv@8.17.1 want: ^1.0.0
1473 silly placeDep ROOT require-from-string@2.0.2 OK for: ajv@8.17.1 want: ^2.0.2
1474 silly placeDep node_modules/terser-webpack-plugin json-schema-traverse@1.0.0 OK for: ajv@8.17.1 want: ^1.0.0
1475 silly placeDep node_modules/webpack estraverse@4.3.0 OK for: eslint-scope@5.1.1 want: ^4.1.1
1476 silly placeDep node_modules/webpack ajv@8.17.1 OK for: schema-utils@4.3.3 want: ^8.9.0
1477 silly placeDep node_modules/webpack ajv-keywords@5.1.0 OK for: schema-utils@4.3.3 want: ^5.1.0
1478 silly placeDep node_modules/webpack json-schema-traverse@1.0.0 OK for: ajv@8.17.1 want: ^1.0.0
1479 silly placeDep ROOT json-schema@0.4.0 OK for: @apideck/better-ajv-errors@0.3.6 want: ^0.4.0
1480 silly placeDep ROOT jsonpointer@5.0.1 OK for: @apideck/better-ajv-errors@0.3.6 want: ^5.0.0
1481 silly placeDep ROOT leven@3.1.0 OK for: @apideck/better-ajv-errors@0.3.6 want: ^3.1.0
1482 silly placeDep node_modules/workbox-build json-schema-traverse@1.0.0 OK for: ajv@8.17.1 want: ^1.0.0
1483 silly placeDep ROOT whatwg-url@7.1.0 OK for: source-map@0.8.0-beta.0 want: ^7.0.0
1484 silly fetch manifest tr46@^1.0.1
1485 silly packumentCache full:https://registry.npmjs.org/tr46 cache-miss
1486 silly fetch manifest lodash.sortby@^4.7.0
1487 silly packumentCache full:https://registry.npmjs.org/lodash.sortby cache-miss
1488 silly fetch manifest webidl-conversions@^4.0.2
1489 silly packumentCache full:https://registry.npmjs.org/webidl-conversions cache-miss
1490 http fetch GET 200 https://registry.npmjs.org/lodash.sortby 61ms (cache miss)
1491 silly packumentCache full:https://registry.npmjs.org/lodash.sortby set size:undefined disposed:false
1492 http fetch GET 200 https://registry.npmjs.org/webidl-conversions 75ms (cache miss)
1493 silly packumentCache full:https://registry.npmjs.org/webidl-conversions set size:undefined disposed:false
1494 http fetch GET 200 https://registry.npmjs.org/tr46 87ms (cache miss)
1495 silly packumentCache full:https://registry.npmjs.org/tr46 set size:undefined disposed:false
1496 silly placeDep ROOT lodash.sortby@4.7.0 OK for: whatwg-url@7.1.0 want: ^4.7.0
1497 silly placeDep ROOT tr46@1.0.1 OK for: whatwg-url@7.1.0 want: ^1.0.1
1498 silly placeDep ROOT webidl-conversions@4.0.2 OK for: whatwg-url@7.1.0 want: ^4.0.2
1499 silly placeDep ROOT source-list-map@2.0.1 OK for: webpack-sources@1.4.3 want: ^2.0.0
1500 silly reify moves {}
1501 http cache source-list-map@https://registry.npmjs.org/source-list-map/-/source-list-map-2.0.1.tgz 0ms (cache hit)
1502 http cache webidl-conversions@https://registry.npmjs.org/webidl-conversions/-/webidl-conversions-4.0.2.tgz 0ms (cache hit)
1503 http cache tr46@https://registry.npmjs.org/tr46/-/tr46-1.0.1.tgz 0ms (cache hit)
1504 http cache lodash.sortby@https://registry.npmjs.org/lodash.sortby/-/lodash.sortby-4.7.0.tgz 0ms (cache hit)
1505 http cache leven@https://registry.npmjs.org/leven/-/leven-3.1.0.tgz 0ms (cache hit)
1506 http cache whatwg-url@https://registry.npmjs.org/whatwg-url/-/whatwg-url-7.1.0.tgz 0ms (cache hit)
1507 http cache jsonpointer@https://registry.npmjs.org/jsonpointer/-/jsonpointer-5.0.1.tgz 0ms (cache hit)
1508 http cache require-from-string@https://registry.npmjs.org/require-from-string/-/require-from-string-2.0.2.tgz 0ms (cache hit)
1509 http cache json-schema@https://registry.npmjs.org/json-schema/-/json-schema-0.4.0.tgz 0ms (cache hit)
1510 http cache fast-uri@https://registry.npmjs.org/fast-uri/-/fast-uri-3.1.0.tgz 0ms (cache hit)
1511 http cache p-try@https://registry.npmjs.org/p-try/-/p-try-2.2.0.tgz 0ms (cache hit)
1512 http cache ajv-formats@https://registry.npmjs.org/ajv-formats/-/ajv-formats-2.1.1.tgz 0ms (cache hit)
1513 http cache pinkie@https://registry.npmjs.org/pinkie/-/pinkie-2.0.4.tgz 0ms (cache hit)
1514 http cache @types/trusted-types@https://registry.npmjs.org/@types/trusted-types/-/trusted-types-2.0.7.tgz 0ms (cache hit)
1515 http cache pinkie-promise@https://registry.npmjs.org/pinkie-promise/-/pinkie-promise-2.0.1.tgz 0ms (cache hit)
1516 http cache array-uniq@https://registry.npmjs.org/array-uniq/-/array-uniq-1.0.3.tgz 0ms (cache hit)
1517 http cache crypto-random-string@https://registry.npmjs.org/crypto-random-string/-/crypto-random-string-2.0.0.tgz 0ms (cache hit)
1518 http cache unicode-property-aliases-ecmascript@https://registry.npmjs.org/unicode-property-aliases-ecmascript/-/unicode-property-aliases-ecmascript-2.2.0.tgz 0ms (cache hit)
1519 http cache unicode-canonical-property-names-ecmascript@https://registry.npmjs.org/unicode-canonical-property-names-ecmascript/-/unicode-canonical-property-names-ecmascript-2.0.1.tgz 0ms (cache hit)
1520 http cache sourcemap-codec@https://registry.npmjs.org/sourcemap-codec/-/sourcemap-codec-1.4.8.tgz 0ms (cache hit)
1521 http cache unique-string@https://registry.npmjs.org/unique-string/-/unique-string-2.0.0.tgz 0ms (cache hit)
1522 http cache type-fest@https://registry.npmjs.org/type-fest/-/type-fest-0.16.0.tgz 0ms (cache hit)
1523 http cache temp-dir@https://registry.npmjs.org/temp-dir/-/temp-dir-2.0.0.tgz 0ms (cache hit)
1524 http cache is-stream@https://registry.npmjs.org/is-stream/-/is-stream-2.0.1.tgz 0ms (cache hit)
1525 http cache is-regexp@https://registry.npmjs.org/is-regexp/-/is-regexp-1.0.0.tgz 0ms (cache hit)
1526 http cache is-obj@https://registry.npmjs.org/is-obj/-/is-obj-1.0.1.tgz 0ms (cache hit)
1527 http cache unicode-match-property-value-ecmascript@https://registry.npmjs.org/unicode-match-property-value-ecmascript/-/unicode-match-property-value-ecmascript-2.2.1.tgz 0ms (cache hit)
1528 http cache get-own-enumerable-property-symbols@https://registry.npmjs.org/get-own-enumerable-property-symbols/-/get-own-enumerable-property-symbols-3.0.2.tgz 0ms (cache hit)
1529 http cache unicode-match-property-ecmascript@https://registry.npmjs.org/unicode-match-property-ecmascript/-/unicode-match-property-ecmascript-2.0.0.tgz 0ms (cache hit)
1530 http cache regjsparser@https://registry.npmjs.org/regjsparser/-/regjsparser-0.13.0.tgz 0ms (cache hit)
1531 http cache regjsgen@https://registry.npmjs.org/regjsgen/-/regjsgen-0.8.0.tgz 0ms (cache hit)
1532 http cache regenerate-unicode-properties@https://registry.npmjs.org/regenerate-unicode-properties/-/regenerate-unicode-properties-10.2.2.tgz 0ms (cache hit)
1533 http cache regenerate@https://registry.npmjs.org/regenerate/-/regenerate-1.4.2.tgz 0ms (cache hit)
1534 http cache filelist@https://registry.npmjs.org/filelist/-/filelist-1.0.4.tgz 0ms (cache hit)
1535 http cache async@https://registry.npmjs.org/async/-/async-3.2.6.tgz 0ms (cache hit)
1536 http cache universalify@https://registry.npmjs.org/universalify/-/universalify-2.0.1.tgz 0ms (cache hit)
1537 http cache jsonfile@https://registry.npmjs.org/jsonfile/-/jsonfile-6.2.0.tgz 0ms (cache hit)
1538 http cache @babel/helper-define-polyfill-provider@https://registry.npmjs.org/@babel/helper-define-polyfill-provider/-/helper-define-polyfill-provider-0.6.6.tgz 0ms (cache hit)
1539 http cache at-least-node@https://registry.npmjs.org/at-least-node/-/at-least-node-1.0.0.tgz 0ms (cache hit)
1540 http cache jake@https://registry.npmjs.org/jake/-/jake-10.9.4.tgz 0ms (cache hit)
1541 http cache lodash.debounce@https://registry.npmjs.org/lodash.debounce/-/lodash.debounce-4.0.8.tgz 0ms (cache hit)
1542 http cache ejs@https://registry.npmjs.org/ejs/-/ejs-3.1.10.tgz 0ms (cache hit)
1543 http cache estree-walker@https://registry.npmjs.org/estree-walker/-/estree-walker-1.0.1.tgz 0ms (cache hit)
1544 http cache is-module@https://registry.npmjs.org/is-module/-/is-module-1.0.0.tgz 0ms (cache hit)
1545 http cache deepmerge@https://registry.npmjs.org/deepmerge/-/deepmerge-4.3.1.tgz 0ms (cache hit)
1546 http cache @types/resolve@https://registry.npmjs.org/@types/resolve/-/resolve-1.17.1.tgz 0ms (cache hit)
1547 http cache builtin-modules@https://registry.npmjs.org/builtin-modules/-/builtin-modules-3.3.0.tgz 0ms (cache hit)
1548 http cache @rollup/pluginutils@https://registry.npmjs.org/@rollup/pluginutils/-/pluginutils-3.1.0.tgz 0ms (cache hit)
1549 http cache @babel/helper-optimise-call-expression@https://registry.npmjs.org/@babel/helper-optimise-call-expression/-/helper-optimise-call-expression-7.27.1.tgz 0ms (cache hit)
1550 http cache @babel/helper-replace-supers@https://registry.npmjs.org/@babel/helper-replace-supers/-/helper-replace-supers-7.28.6.tgz 0ms (cache hit)
1551 http cache @babel/helper-create-class-features-plugin@https://registry.npmjs.org/@babel/helper-create-class-features-plugin/-/helper-create-class-features-plugin-7.28.6.tgz 0ms (cache hit)
1552 http cache @babel/helper-member-expression-to-functions@https://registry.npmjs.org/@babel/helper-member-expression-to-functions/-/helper-member-expression-to-functions-7.28.5.tgz 0ms (cache hit)
1553 http cache regexpu-core@https://registry.npmjs.org/regexpu-core/-/regexpu-core-6.4.0.tgz 0ms (cache hit)
1554 http cache @babel/helper-wrap-function@https://registry.npmjs.org/@babel/helper-wrap-function/-/helper-wrap-function-7.28.6.tgz 0ms (cache hit)
1555 http cache @babel/helper-remap-async-to-generator@https://registry.npmjs.org/@babel/helper-remap-async-to-generator/-/helper-remap-async-to-generator-7.27.1.tgz 0ms (cache hit)
1556 http cache @babel/helper-annotate-as-pure@https://registry.npmjs.org/@babel/helper-annotate-as-pure/-/helper-annotate-as-pure-7.27.3.tgz 0ms (cache hit)
1557 http cache @babel/helper-create-regexp-features-plugin@https://registry.npmjs.org/@babel/helper-create-regexp-features-plugin/-/helper-create-regexp-features-plugin-7.28.5.tgz 0ms (cache hit)
1558 http cache core-js-compat@https://registry.npmjs.org/core-js-compat/-/core-js-compat-3.48.0.tgz 0ms (cache hit)
1559 http cache @babel/helper-skip-transparent-expression-wrappers@https://registry.npmjs.org/@babel/helper-skip-transparent-expression-wrappers/-/helper-skip-transparent-expression-wrappers-7.27.1.tgz 0ms (cache hit)
1560 http cache @babel/plugin-transform-unicode-sets-regex@https://registry.npmjs.org/@babel/plugin-transform-unicode-sets-regex/-/plugin-transform-unicode-sets-regex-7.28.6.tgz 0ms (cache hit)
1561 http cache @babel/preset-modules@https://registry.npmjs.org/@babel/preset-modules/-/preset-modules-0.1.6-no-external-plugins.tgz 0ms (cache hit)
1562 http cache @babel/plugin-transform-unicode-regex@https://registry.npmjs.org/@babel/plugin-transform-unicode-regex/-/plugin-transform-unicode-regex-7.27.1.tgz 0ms (cache hit)
1563 http cache @babel/plugin-transform-unicode-property-regex@https://registry.npmjs.org/@babel/plugin-transform-unicode-property-regex/-/plugin-transform-unicode-property-regex-7.28.6.tgz 0ms (cache hit)
1564 http cache @babel/plugin-transform-unicode-escapes@https://registry.npmjs.org/@babel/plugin-transform-unicode-escapes/-/plugin-transform-unicode-escapes-7.27.1.tgz 0ms (cache hit)
1565 http cache @babel/plugin-transform-typeof-symbol@https://registry.npmjs.org/@babel/plugin-transform-typeof-symbol/-/plugin-transform-typeof-symbol-7.27.1.tgz 0ms (cache hit)
1566 http cache @babel/plugin-transform-template-literals@https://registry.npmjs.org/@babel/plugin-transform-template-literals/-/plugin-transform-template-literals-7.27.1.tgz 0ms (cache hit)
1567 http cache @babel/plugin-transform-sticky-regex@https://registry.npmjs.org/@babel/plugin-transform-sticky-regex/-/plugin-transform-sticky-regex-7.27.1.tgz 0ms (cache hit)
1568 http cache babel-plugin-polyfill-corejs3@https://registry.npmjs.org/babel-plugin-polyfill-corejs3/-/babel-plugin-polyfill-corejs3-0.13.0.tgz 0ms (cache hit)
1569 http cache babel-plugin-polyfill-regenerator@https://registry.npmjs.org/babel-plugin-polyfill-regenerator/-/babel-plugin-polyfill-regenerator-0.6.6.tgz 0ms (cache hit)
1570 http cache @babel/plugin-transform-spread@https://registry.npmjs.org/@babel/plugin-transform-spread/-/plugin-transform-spread-7.28.6.tgz 0ms (cache hit)
1571 http cache babel-plugin-polyfill-corejs2@https://registry.npmjs.org/babel-plugin-polyfill-corejs2/-/babel-plugin-polyfill-corejs2-0.4.15.tgz 0ms (cache hit)
1572 http cache @babel/plugin-transform-shorthand-properties@https://registry.npmjs.org/@babel/plugin-transform-shorthand-properties/-/plugin-transform-shorthand-properties-7.27.1.tgz 0ms (cache hit)
1573 http cache @babel/plugin-transform-reserved-words@https://registry.npmjs.org/@babel/plugin-transform-reserved-words/-/plugin-transform-reserved-words-7.27.1.tgz 0ms (cache hit)
1574 http cache @babel/plugin-transform-regexp-modifiers@https://registry.npmjs.org/@babel/plugin-transform-regexp-modifiers/-/plugin-transform-regexp-modifiers-7.28.6.tgz 0ms (cache hit)
1575 http cache @babel/plugin-transform-regenerator@https://registry.npmjs.org/@babel/plugin-transform-regenerator/-/plugin-transform-regenerator-7.28.6.tgz 0ms (cache hit)
1576 http cache @babel/plugin-transform-property-literals@https://registry.npmjs.org/@babel/plugin-transform-property-literals/-/plugin-transform-property-literals-7.27.1.tgz 0ms (cache hit)
1577 http cache @babel/plugin-transform-private-property-in-object@https://registry.npmjs.org/@babel/plugin-transform-private-property-in-object/-/plugin-transform-private-property-in-object-7.28.6.tgz 0ms (cache hit)
1578 http cache @babel/plugin-transform-private-methods@https://registry.npmjs.org/@babel/plugin-transform-private-methods/-/plugin-transform-private-methods-7.28.6.tgz 0ms (cache hit)
1579 http cache @babel/plugin-transform-parameters@https://registry.npmjs.org/@babel/plugin-transform-parameters/-/plugin-transform-parameters-7.27.7.tgz 0ms (cache hit)
1580 http cache @babel/plugin-transform-optional-chaining@https://registry.npmjs.org/@babel/plugin-transform-optional-chaining/-/plugin-transform-optional-chaining-7.28.6.tgz 0ms (cache hit)
1581 http cache @babel/plugin-transform-optional-catch-binding@https://registry.npmjs.org/@babel/plugin-transform-optional-catch-binding/-/plugin-transform-optional-catch-binding-7.28.6.tgz 0ms (cache hit)
1582 http cache @babel/plugin-transform-numeric-separator@https://registry.npmjs.org/@babel/plugin-transform-numeric-separator/-/plugin-transform-numeric-separator-7.28.6.tgz 0ms (cache hit)
1583 http cache @babel/plugin-transform-new-target@https://registry.npmjs.org/@babel/plugin-transform-new-target/-/plugin-transform-new-target-7.27.1.tgz 0ms (cache hit)
1584 http cache @babel/plugin-transform-object-super@https://registry.npmjs.org/@babel/plugin-transform-object-super/-/plugin-transform-object-super-7.27.1.tgz 0ms (cache hit)
1585 http cache @babel/plugin-transform-object-rest-spread@https://registry.npmjs.org/@babel/plugin-transform-object-rest-spread/-/plugin-transform-object-rest-spread-7.28.6.tgz 0ms (cache hit)
1586 http cache @babel/plugin-transform-modules-commonjs@https://registry.npmjs.org/@babel/plugin-transform-modules-commonjs/-/plugin-transform-modules-commonjs-7.28.6.tgz 0ms (cache hit)
1587 http cache @babel/plugin-transform-named-capturing-groups-regex@https://registry.npmjs.org/@babel/plugin-transform-named-capturing-groups-regex/-/plugin-transform-named-capturing-groups-regex-7.27.1.tgz 0ms (cache hit)
1588 http cache @babel/plugin-transform-modules-systemjs@https://registry.npmjs.org/@babel/plugin-transform-modules-systemjs/-/plugin-transform-modules-systemjs-7.28.5.tgz 0ms (cache hit)
1589 http cache @babel/plugin-transform-modules-umd@https://registry.npmjs.org/@babel/plugin-transform-modules-umd/-/plugin-transform-modules-umd-7.27.1.tgz 0ms (cache hit)
1590 http cache @babel/plugin-transform-modules-amd@https://registry.npmjs.org/@babel/plugin-transform-modules-amd/-/plugin-transform-modules-amd-7.27.1.tgz 0ms (cache hit)
1591 http cache @babel/plugin-transform-member-expression-literals@https://registry.npmjs.org/@babel/plugin-transform-member-expression-literals/-/plugin-transform-member-expression-literals-7.27.1.tgz 0ms (cache hit)
1592 http cache @babel/plugin-transform-logical-assignment-operators@https://registry.npmjs.org/@babel/plugin-transform-logical-assignment-operators/-/plugin-transform-logical-assignment-operators-7.28.6.tgz 0ms (cache hit)
1593 http cache @babel/plugin-transform-literals@https://registry.npmjs.org/@babel/plugin-transform-literals/-/plugin-transform-literals-7.27.1.tgz 0ms (cache hit)
1594 http cache @babel/plugin-transform-nullish-coalescing-operator@https://registry.npmjs.org/@babel/plugin-transform-nullish-coalescing-operator/-/plugin-transform-nullish-coalescing-operator-7.28.6.tgz 0ms (cache hit)
1595 http cache @babel/plugin-transform-for-of@https://registry.npmjs.org/@babel/plugin-transform-for-of/-/plugin-transform-for-of-7.27.1.tgz 0ms (cache hit)
1596 http cache @babel/plugin-transform-function-name@https://registry.npmjs.org/@babel/plugin-transform-function-name/-/plugin-transform-function-name-7.27.1.tgz 0ms (cache hit)
1597 http cache @babel/plugin-transform-export-namespace-from@https://registry.npmjs.org/@babel/plugin-transform-export-namespace-from/-/plugin-transform-export-namespace-from-7.27.1.tgz 0ms (cache hit)
1598 http cache @babel/plugin-transform-json-strings@https://registry.npmjs.org/@babel/plugin-transform-json-strings/-/plugin-transform-json-strings-7.28.6.tgz 0ms (cache hit)
1599 http cache @babel/plugin-transform-exponentiation-operator@https://registry.npmjs.org/@babel/plugin-transform-exponentiation-operator/-/plugin-transform-exponentiation-operator-7.28.6.tgz 0ms (cache hit)
1600 http cache @babel/plugin-transform-explicit-resource-management@https://registry.npmjs.org/@babel/plugin-transform-explicit-resource-management/-/plugin-transform-explicit-resource-management-7.28.6.tgz 0ms (cache hit)
1601 http cache @babel/plugin-transform-dynamic-import@https://registry.npmjs.org/@babel/plugin-transform-dynamic-import/-/plugin-transform-dynamic-import-7.27.1.tgz 0ms (cache hit)
1602 http cache @babel/plugin-transform-duplicate-keys@https://registry.npmjs.org/@babel/plugin-transform-duplicate-keys/-/plugin-transform-duplicate-keys-7.27.1.tgz 0ms (cache hit)
1603 http cache @babel/plugin-transform-dotall-regex@https://registry.npmjs.org/@babel/plugin-transform-dotall-regex/-/plugin-transform-dotall-regex-7.28.6.tgz 0ms (cache hit)
1604 http cache @babel/plugin-transform-duplicate-named-capturing-groups-regex@https://registry.npmjs.org/@babel/plugin-transform-duplicate-named-capturing-groups-regex/-/plugin-transform-duplicate-named-capturing-groups-regex-7.28.6.tgz 0ms (cache hit)
1605 http cache @babel/plugin-transform-computed-properties@https://registry.npmjs.org/@babel/plugin-transform-computed-properties/-/plugin-transform-computed-properties-7.28.6.tgz 0ms (cache hit)
1606 http cache @babel/plugin-transform-destructuring@https://registry.npmjs.org/@babel/plugin-transform-destructuring/-/plugin-transform-destructuring-7.28.5.tgz 0ms (cache hit)
1607 http cache @babel/plugin-transform-classes@https://registry.npmjs.org/@babel/plugin-transform-classes/-/plugin-transform-classes-7.28.6.tgz 0ms (cache hit)
1608 http cache @babel/plugin-transform-class-properties@https://registry.npmjs.org/@babel/plugin-transform-class-properties/-/plugin-transform-class-properties-7.28.6.tgz 0ms (cache hit)
1609 http cache @babel/plugin-transform-class-static-block@https://registry.npmjs.org/@babel/plugin-transform-class-static-block/-/plugin-transform-class-static-block-7.28.6.tgz 0ms (cache hit)
1610 http cache @babel/plugin-transform-block-scoped-functions@https://registry.npmjs.org/@babel/plugin-transform-block-scoped-functions/-/plugin-transform-block-scoped-functions-7.27.1.tgz 0ms (cache hit)
1611 http cache @babel/plugin-transform-async-to-generator@https://registry.npmjs.org/@babel/plugin-transform-async-to-generator/-/plugin-transform-async-to-generator-7.28.6.tgz 0ms (cache hit)
1612 http cache @babel/plugin-transform-block-scoping@https://registry.npmjs.org/@babel/plugin-transform-block-scoping/-/plugin-transform-block-scoping-7.28.6.tgz 0ms (cache hit)
1613 http cache @babel/plugin-transform-async-generator-functions@https://registry.npmjs.org/@babel/plugin-transform-async-generator-functions/-/plugin-transform-async-generator-functions-7.28.6.tgz 0ms (cache hit)
1614 http cache @babel/plugin-transform-arrow-functions@https://registry.npmjs.org/@babel/plugin-transform-arrow-functions/-/plugin-transform-arrow-functions-7.27.1.tgz 0ms (cache hit)
1615 http cache @babel/plugin-syntax-unicode-sets-regex@https://registry.npmjs.org/@babel/plugin-syntax-unicode-sets-regex/-/plugin-syntax-unicode-sets-regex-7.18.6.tgz 0ms (cache hit)
1616 http cache @babel/plugin-syntax-import-assertions@https://registry.npmjs.org/@babel/plugin-syntax-import-assertions/-/plugin-syntax-import-assertions-7.28.6.tgz 0ms (cache hit)
1617 http cache @babel/plugin-syntax-import-attributes@https://registry.npmjs.org/@babel/plugin-syntax-import-attributes/-/plugin-syntax-import-attributes-7.28.6.tgz 0ms (cache hit)
1618 http cache @babel/plugin-bugfix-v8-static-class-fields-redefine-readonly@https://registry.npmjs.org/@babel/plugin-bugfix-v8-static-class-fields-redefine-readonly/-/plugin-bugfix-v8-static-class-fields-redefine-readonly-7.28.6.tgz 0ms (cache hit)
1619 http cache @babel/plugin-proposal-private-property-in-object@https://registry.npmjs.org/@babel/plugin-proposal-private-property-in-object/-/plugin-proposal-private-property-in-object-7.21.0-placeholder-for-preset-env.2.tgz 0ms (cache hit)
1620 http cache @babel/plugin-bugfix-v8-spread-parameters-in-optional-chaining@https://registry.npmjs.org/@babel/plugin-bugfix-v8-spread-parameters-in-optional-chaining/-/plugin-bugfix-v8-spread-parameters-in-optional-chaining-7.27.1.tgz 0ms (cache hit)
1621 http cache @babel/plugin-bugfix-safari-class-field-initializer-scope@https://registry.npmjs.org/@babel/plugin-bugfix-safari-class-field-initializer-scope/-/plugin-bugfix-safari-class-field-initializer-scope-7.27.1.tgz 0ms (cache hit)
1622 http cache @babel/plugin-bugfix-safari-id-destructuring-collision-in-function-expression@https://registry.npmjs.org/@babel/plugin-bugfix-safari-id-destructuring-collision-in-function-expression/-/plugin-bugfix-safari-id-destructuring-collision-in-function-expression-7.27.1.tgz 0ms (cache hit)
1623 http cache @babel/plugin-bugfix-firefox-class-in-computed-class-key@https://registry.npmjs.org/@babel/plugin-bugfix-firefox-class-in-computed-class-key/-/plugin-bugfix-firefox-class-in-computed-class-key-7.28.5.tgz 0ms (cache hit)
1624 http cache @babel/helper-plugin-utils@https://registry.npmjs.org/@babel/helper-plugin-utils/-/helper-plugin-utils-7.28.6.tgz 0ms (cache hit)
1625 http cache workbox-sw@https://registry.npmjs.org/workbox-sw/-/workbox-sw-6.6.0.tgz 0ms (cache hit)
1626 http cache workbox-streams@https://registry.npmjs.org/workbox-streams/-/workbox-streams-6.6.0.tgz 0ms (cache hit)
1627 http cache workbox-strategies@https://registry.npmjs.org/workbox-strategies/-/workbox-strategies-6.6.0.tgz 0ms (cache hit)
1628 http cache workbox-routing@https://registry.npmjs.org/workbox-routing/-/workbox-routing-6.6.0.tgz 0ms (cache hit)
1629 http cache workbox-recipes@https://registry.npmjs.org/workbox-recipes/-/workbox-recipes-6.6.0.tgz 0ms (cache hit)
1630 http cache workbox-range-requests@https://registry.npmjs.org/workbox-range-requests/-/workbox-range-requests-6.6.0.tgz 0ms (cache hit)
1631 http cache workbox-precaching@https://registry.npmjs.org/workbox-precaching/-/workbox-precaching-6.6.0.tgz 0ms (cache hit)
1632 http cache workbox-navigation-preload@https://registry.npmjs.org/workbox-navigation-preload/-/workbox-navigation-preload-6.6.0.tgz 0ms (cache hit)
1633 http cache workbox-google-analytics@https://registry.npmjs.org/workbox-google-analytics/-/workbox-google-analytics-6.6.0.tgz 0ms (cache hit)
1634 http cache workbox-expiration@https://registry.npmjs.org/workbox-expiration/-/workbox-expiration-6.6.0.tgz 0ms (cache hit)
1635 http cache workbox-core@https://registry.npmjs.org/workbox-core/-/workbox-core-6.6.0.tgz 0ms (cache hit)
1636 http cache workbox-cacheable-response@https://registry.npmjs.org/workbox-cacheable-response/-/workbox-cacheable-response-6.6.0.tgz 0ms (cache hit)
1637 http cache workbox-broadcast-update@https://registry.npmjs.org/workbox-broadcast-update/-/workbox-broadcast-update-6.6.0.tgz 0ms (cache hit)
1638 http cache tempy@https://registry.npmjs.org/tempy/-/tempy-0.6.0.tgz 0ms (cache hit)
1639 http cache workbox-background-sync@https://registry.npmjs.org/workbox-background-sync/-/workbox-background-sync-6.6.0.tgz 0ms (cache hit)
1640 http cache strip-comments@https://registry.npmjs.org/strip-comments/-/strip-comments-2.0.1.tgz 0ms (cache hit)
1641 http cache rollup-plugin-terser@https://registry.npmjs.org/rollup-plugin-terser/-/rollup-plugin-terser-7.0.2.tgz 0ms (cache hit)
1642 http cache stringify-object@https://registry.npmjs.org/stringify-object/-/stringify-object-3.3.0.tgz 0ms (cache hit)
1643 http cache lodash@https://registry.npmjs.org/lodash/-/lodash-4.17.23.tgz 0ms (cache hit)
1644 http cache common-tags@https://registry.npmjs.org/common-tags/-/common-tags-1.8.2.tgz 0ms (cache hit)
1645 http cache fs-extra@https://registry.npmjs.org/fs-extra/-/fs-extra-9.1.0.tgz 0ms (cache hit)
1646 http cache rollup@https://registry.npmjs.org/rollup/-/rollup-2.79.2.tgz 0ms (cache hit)
1647 http cache @rollup/plugin-replace@https://registry.npmjs.org/@rollup/plugin-replace/-/plugin-replace-2.4.2.tgz 0ms (cache hit)
1648 http cache @surma/rollup-plugin-off-main-thread@https://registry.npmjs.org/@surma/rollup-plugin-off-main-thread/-/rollup-plugin-off-main-thread-2.2.3.tgz 0ms (cache hit)
1649 http cache @babel/runtime@https://registry.npmjs.org/@babel/runtime/-/runtime-7.28.6.tgz 0ms (cache hit)
1650 http cache @rollup/plugin-node-resolve@https://registry.npmjs.org/@rollup/plugin-node-resolve/-/plugin-node-resolve-11.2.1.tgz 0ms (cache hit)
1651 http cache @babel/preset-env@https://registry.npmjs.org/@babel/preset-env/-/preset-env-7.28.6.tgz 0ms (cache hit)
1652 http cache workbox-build@https://registry.npmjs.org/workbox-build/-/workbox-build-6.6.0.tgz 0ms (cache hit)
1653 http cache @rollup/plugin-babel@https://registry.npmjs.org/@rollup/plugin-babel/-/plugin-babel-5.3.1.tgz 0ms (cache hit)
1654 http cache @webassemblyjs/utf8@https://registry.npmjs.org/@webassemblyjs/utf8/-/utf8-1.13.2.tgz 0ms (cache hit)
1655 http cache @xtuc/ieee754@https://registry.npmjs.org/@xtuc/ieee754/-/ieee754-1.2.0.tgz 0ms (cache hit)
1656 http cache @webassemblyjs/leb128@https://registry.npmjs.org/@webassemblyjs/leb128/-/leb128-1.13.2.tgz 0ms (cache hit)
1657 http cache upath@https://registry.npmjs.org/upath/-/upath-1.2.0.tgz 0ms (cache hit)
1658 http cache pretty-bytes@https://registry.npmjs.org/pretty-bytes/-/pretty-bytes-5.6.0.tgz 0ms (cache hit)
1659 http cache @webassemblyjs/ieee754@https://registry.npmjs.org/@webassemblyjs/ieee754/-/ieee754-1.13.2.tgz 0ms (cache hit)
1660 http cache @webassemblyjs/wast-printer@https://registry.npmjs.org/@webassemblyjs/wast-printer/-/wast-printer-1.14.1.tgz 0ms (cache hit)
1661 http cache @webassemblyjs/wasm-opt@https://registry.npmjs.org/@webassemblyjs/wasm-opt/-/wasm-opt-1.14.1.tgz 0ms (cache hit)
1662 http cache @webassemblyjs/wasm-gen@https://registry.npmjs.org/@webassemblyjs/wasm-gen/-/wasm-gen-1.14.1.tgz 0ms (cache hit)
1663 http cache @xtuc/long@https://registry.npmjs.org/@xtuc/long/-/long-4.2.2.tgz 0ms (cache hit)
1664 http cache @webassemblyjs/helper-wasm-section@https://registry.npmjs.org/@webassemblyjs/helper-wasm-section/-/helper-wasm-section-1.14.1.tgz 0ms (cache hit)
1665 http cache @webassemblyjs/helper-buffer@https://registry.npmjs.org/@webassemblyjs/helper-buffer/-/helper-buffer-1.14.1.tgz 0ms (cache hit)
1666 http cache @webassemblyjs/helper-api-error@https://registry.npmjs.org/@webassemblyjs/helper-api-error/-/helper-api-error-1.13.2.tgz 0ms (cache hit)
1667 http cache @types/eslint@https://registry.npmjs.org/@types/eslint/-/eslint-9.6.1.tgz 0ms (cache hit)
1668 http cache @webassemblyjs/floating-point-hex-parser@https://registry.npmjs.org/@webassemblyjs/floating-point-hex-parser/-/floating-point-hex-parser-1.13.2.tgz 0ms (cache hit)
1669 http cache watchpack@https://registry.npmjs.org/watchpack/-/watchpack-2.5.1.tgz 0ms (cache hit)
1670 http cache @webassemblyjs/helper-numbers@https://registry.npmjs.org/@webassemblyjs/helper-numbers/-/helper-numbers-1.13.2.tgz 0ms (cache hit)
1671 http cache @webassemblyjs/helper-wasm-bytecode@https://registry.npmjs.org/@webassemblyjs/helper-wasm-bytecode/-/helper-wasm-bytecode-1.13.2.tgz 0ms (cache hit)
1672 http cache webpack-sources@https://registry.npmjs.org/webpack-sources/-/webpack-sources-3.3.3.tgz 0ms (cache hit)
1673 http cache loader-runner@https://registry.npmjs.org/loader-runner/-/loader-runner-4.3.1.tgz 0ms (cache hit)
1674 http cache neo-async@https://registry.npmjs.org/neo-async/-/neo-async-2.6.2.tgz 0ms (cache hit)
1675 http cache json-parse-even-better-errors@https://registry.npmjs.org/json-parse-even-better-errors/-/json-parse-even-better-errors-2.3.1.tgz 0ms (cache hit)
1676 http cache glob-to-regexp@https://registry.npmjs.org/glob-to-regexp/-/glob-to-regexp-0.4.1.tgz 0ms (cache hit)
1677 http cache events@https://registry.npmjs.org/events/-/events-3.3.0.tgz 0ms (cache hit)
1678 http cache es-module-lexer@https://registry.npmjs.org/es-module-lexer/-/es-module-lexer-2.0.0.tgz 0ms (cache hit)
1679 http cache chrome-trace-event@https://registry.npmjs.org/chrome-trace-event/-/chrome-trace-event-1.0.4.tgz 0ms (cache hit)
1680 http cache @types/eslint-scope@https://registry.npmjs.org/@types/eslint-scope/-/eslint-scope-3.7.7.tgz 0ms (cache hit)
1681 http cache acorn-import-phases@https://registry.npmjs.org/acorn-import-phases/-/acorn-import-phases-1.0.4.tgz 0ms (cache hit)
1682 http cache @webassemblyjs/wasm-parser@https://registry.npmjs.org/@webassemblyjs/wasm-parser/-/wasm-parser-1.14.1.tgz 0ms (cache hit)
1683 http cache source-map@https://registry.npmjs.org/source-map/-/source-map-0.6.1.tgz 0ms (cache hit)
1684 http cache @webassemblyjs/wasm-edit@https://registry.npmjs.org/@webassemblyjs/wasm-edit/-/wasm-edit-1.14.1.tgz 0ms (cache hit)
1685 http cache @webassemblyjs/ast@https://registry.npmjs.org/@webassemblyjs/ast/-/ast-1.14.1.tgz 0ms (cache hit)
1686 http cache @jridgewell/source-map@https://registry.npmjs.org/@jridgewell/source-map/-/source-map-0.3.11.tgz 0ms (cache hit)
1687 http cache source-map-support@https://registry.npmjs.org/source-map-support/-/source-map-support-0.5.21.tgz 0ms (cache hit)
1688 http cache buffer-from@https://registry.npmjs.org/buffer-from/-/buffer-from-1.1.2.tgz 0ms (cache hit)
1689 http cache commander@https://registry.npmjs.org/commander/-/commander-2.20.3.tgz 0ms (cache hit)
1690 http cache randombytes@https://registry.npmjs.org/randombytes/-/randombytes-2.1.0.tgz 0ms (cache hit)
1691 http cache merge-stream@https://registry.npmjs.org/merge-stream/-/merge-stream-2.0.0.tgz 0ms (cache hit)
1692 http cache terser@https://registry.npmjs.org/terser/-/terser-5.46.0.tgz 0ms (cache hit)
1693 http cache jest-worker@https://registry.npmjs.org/jest-worker/-/jest-worker-27.5.1.tgz 0ms (cache hit)
1694 http cache wrappy@https://registry.npmjs.org/wrappy/-/wrappy-1.0.2.tgz 0ms (cache hit)
1695 http cache serialize-javascript@https://registry.npmjs.org/serialize-javascript/-/serialize-javascript-6.0.2.tgz 0ms (cache hit)
1696 http cache path-is-absolute@https://registry.npmjs.org/path-is-absolute/-/path-is-absolute-1.0.1.tgz 0ms (cache hit)
1697 http cache once@https://registry.npmjs.org/once/-/once-1.4.0.tgz 0ms (cache hit)
1698 http cache ajv-keywords@https://registry.npmjs.org/ajv-keywords/-/ajv-keywords-3.5.2.tgz 0ms (cache hit)
1699 http cache fs.realpath@https://registry.npmjs.org/fs.realpath/-/fs.realpath-1.0.0.tgz 0ms (cache hit)
1700 http cache glob@https://registry.npmjs.org/glob/-/glob-7.2.3.tgz 0ms (cache hit)
1701 http cache inflight@https://registry.npmjs.org/inflight/-/inflight-1.0.6.tgz 0ms (cache hit)
1702 http cache is-path-inside@https://registry.npmjs.org/is-path-inside/-/is-path-inside-2.1.0.tgz 0ms (cache hit)
1703 http cache path-is-inside@https://registry.npmjs.org/path-is-inside/-/path-is-inside-1.0.2.tgz 0ms (cache hit)
1704 http cache emojis-list@https://registry.npmjs.org/emojis-list/-/emojis-list-3.0.0.tgz 0ms (cache hit)
1705 http cache path-type@https://registry.npmjs.org/path-type/-/path-type-4.0.0.tgz 0ms (cache hit)
1706 http cache big.js@https://registry.npmjs.org/big.js/-/big.js-5.2.2.tgz 0ms (cache hit)
1707 http cache dir-glob@https://registry.npmjs.org/dir-glob/-/dir-glob-3.0.1.tgz 0ms (cache hit)
1708 http cache slash@https://registry.npmjs.org/slash/-/slash-3.0.0.tgz 0ms (cache hit)
1709 http cache array-union@https://registry.npmjs.org/array-union/-/array-union-2.1.0.tgz 0ms (cache hit)
1710 http cache pkg-dir@https://registry.npmjs.org/pkg-dir/-/pkg-dir-4.2.0.tgz 0ms (cache hit)
1711 http cache @types/minimatch@https://registry.npmjs.org/@types/minimatch/-/minimatch-5.1.2.tgz 0ms (cache hit)
1712 http cache commondir@https://registry.npmjs.org/commondir/-/commondir-1.0.1.tgz 0ms (cache hit)
1713 http cache rimraf@https://registry.npmjs.org/rimraf/-/rimraf-2.7.1.tgz 0ms (cache hit)
1714 http cache pify@https://registry.npmjs.org/pify/-/pify-4.0.1.tgz 0ms (cache hit)
1715 http cache @types/glob@https://registry.npmjs.org/@types/glob/-/glob-7.2.0.tgz 0ms (cache hit)
1716 http cache p-map@https://registry.npmjs.org/p-map/-/p-map-2.1.0.tgz 0ms (cache hit)
1717 http cache is-path-cwd@https://registry.npmjs.org/is-path-cwd/-/is-path-cwd-2.2.0.tgz 0ms (cache hit)
1718 http cache del@https://registry.npmjs.org/del/-/del-4.1.1.tgz 0ms (cache hit)
1719 http cache is-path-in-cwd@https://registry.npmjs.org/is-path-in-cwd/-/is-path-in-cwd-2.1.0.tgz 0ms (cache hit)
1720 http cache schema-utils@https://registry.npmjs.org/schema-utils/-/schema-utils-2.7.1.tgz 0ms (cache hit)
1721 http cache loader-utils@https://registry.npmjs.org/loader-utils/-/loader-utils-2.0.4.tgz 0ms (cache hit)
1722 http cache find-cache-dir@https://registry.npmjs.org/find-cache-dir/-/find-cache-dir-3.3.2.tgz 0ms (cache hit)
1723 http cache make-dir@https://registry.npmjs.org/make-dir/-/make-dir-3.1.0.tgz 0ms (cache hit)
1724 http cache workbox-webpack-plugin@https://registry.npmjs.org/workbox-webpack-plugin/-/workbox-webpack-plugin-6.6.0.tgz 0ms (cache hit)
1725 http cache workbox-window@https://registry.npmjs.org/workbox-window/-/workbox-window-6.6.0.tgz 0ms (cache hit)
1726 http cache webpack@https://registry.npmjs.org/webpack/-/webpack-5.104.1.tgz 0ms (cache hit)
1727 http cache globby@https://registry.npmjs.org/globby/-/globby-11.1.0.tgz 0ms (cache hit)
1728 http cache terser-webpack-plugin@https://registry.npmjs.org/terser-webpack-plugin/-/terser-webpack-plugin-5.3.16.tgz 0ms (cache hit)
1729 http cache clean-webpack-plugin@https://registry.npmjs.org/clean-webpack-plugin/-/clean-webpack-plugin-4.0.0.tgz 0ms (cache hit)
1730 http cache json-schema-traverse@https://registry.npmjs.org/json-schema-traverse/-/json-schema-traverse-1.0.0.tgz 0ms (cache hit)
1731 http cache ajv@https://registry.npmjs.org/ajv/-/ajv-8.17.1.tgz 0ms (cache hit)
1732 http cache next-pwa@https://registry.npmjs.org/next-pwa/-/next-pwa-5.6.0.tgz 0ms (cache hit)
1733 http cache babel-loader@https://registry.npmjs.org/babel-loader/-/babel-loader-8.4.1.tgz 0ms (cache hit)
1734 http cache idb@https://registry.npmjs.org/idb/-/idb-7.1.1.tgz 0ms (cache hit)
1735 http cache brace-expansion@https://registry.npmjs.org/brace-expansion/-/brace-expansion-2.0.2.tgz 0ms (cache hit)
1736 http cache minimatch@https://registry.npmjs.org/minimatch/-/minimatch-5.1.6.tgz 0ms (cache hit)
1737 http cache @types/estree@https://registry.npmjs.org/@types/estree/-/estree-0.0.39.tgz 0ms (cache hit)
1738 http cache idb@https://registry.npmjs.org/idb/-/idb-7.1.1.tgz 0ms (cache hit)
1739 http cache magic-string@https://registry.npmjs.org/magic-string/-/magic-string-0.25.9.tgz 0ms (cache hit)
1740 http cache jest-worker@https://registry.npmjs.org/jest-worker/-/jest-worker-26.6.2.tgz 0ms (cache hit)
1741 http cache json-schema-traverse@https://registry.npmjs.org/json-schema-traverse/-/json-schema-traverse-1.0.0.tgz 0ms (cache hit)
1742 http cache serialize-javascript@https://registry.npmjs.org/serialize-javascript/-/serialize-javascript-4.0.0.tgz 0ms (cache hit)
1743 http cache magic-string@https://registry.npmjs.org/magic-string/-/magic-string-0.25.9.tgz 0ms (cache hit)
1744 http cache supports-color@https://registry.npmjs.org/supports-color/-/supports-color-8.1.1.tgz 0ms (cache hit)
1745 http cache @apideck/better-ajv-errors@https://registry.npmjs.org/@apideck/better-ajv-errors/-/better-ajv-errors-0.3.6.tgz 0ms (cache hit)
1746 http cache ajv@https://registry.npmjs.org/ajv/-/ajv-8.17.1.tgz 0ms (cache hit)
1747 http cache array-union@https://registry.npmjs.org/array-union/-/array-union-1.0.2.tgz 0ms (cache hit)
1748 http cache source-map@https://registry.npmjs.org/source-map/-/source-map-0.8.0-beta.0.tgz 0ms (cache hit)
1749 http cache globby@https://registry.npmjs.org/globby/-/globby-6.1.0.tgz 0ms (cache hit)
1750 http cache p-limit@https://registry.npmjs.org/p-limit/-/p-limit-2.3.0.tgz 0ms (cache hit)
1751 http cache pify@https://registry.npmjs.org/pify/-/pify-2.3.0.tgz 0ms (cache hit)
1752 http cache webpack-sources@https://registry.npmjs.org/webpack-sources/-/webpack-sources-1.4.3.tgz 0ms (cache hit)
1753 http cache locate-path@https://registry.npmjs.org/locate-path/-/locate-path-5.0.0.tgz 0ms (cache hit)
1754 http cache p-locate@https://registry.npmjs.org/p-locate/-/p-locate-4.1.0.tgz 0ms (cache hit)
1755 http cache find-up@https://registry.npmjs.org/find-up/-/find-up-4.1.0.tgz 0ms (cache hit)
1756 http cache json-schema-traverse@https://registry.npmjs.org/json-schema-traverse/-/json-schema-traverse-1.0.0.tgz 0ms (cache hit)
1757 http cache json-schema-traverse@https://registry.npmjs.org/json-schema-traverse/-/json-schema-traverse-1.0.0.tgz 0ms (cache hit)
1758 http cache ajv-keywords@https://registry.npmjs.org/ajv-keywords/-/ajv-keywords-5.1.0.tgz 0ms (cache hit)
1759 http cache ajv@https://registry.npmjs.org/ajv/-/ajv-8.17.1.tgz 0ms (cache hit)
1760 http cache ajv-keywords@https://registry.npmjs.org/ajv-keywords/-/ajv-keywords-5.1.0.tgz 0ms (cache hit)
1761 http cache schema-utils@https://registry.npmjs.org/schema-utils/-/schema-utils-4.3.3.tgz 0ms (cache hit)
1762 http cache ajv@https://registry.npmjs.org/ajv/-/ajv-8.17.1.tgz 0ms (cache hit)
1763 http cache estraverse@https://registry.npmjs.org/estraverse/-/estraverse-4.3.0.tgz 0ms (cache hit)
1764 silly tarball no local data for source-list-map@https://registry.npmjs.org/source-list-map/-/source-list-map-2.0.1.tgz. Extracting by manifest.
1765 silly tarball no local data for tr46@https://registry.npmjs.org/tr46/-/tr46-1.0.1.tgz. Extracting by manifest.
1766 silly tarball no local data for webidl-conversions@https://registry.npmjs.org/webidl-conversions/-/webidl-conversions-4.0.2.tgz. Extracting by manifest.
1767 silly tarball no local data for lodash.sortby@https://registry.npmjs.org/lodash.sortby/-/lodash.sortby-4.7.0.tgz. Extracting by manifest.
1768 silly tarball no local data for leven@https://registry.npmjs.org/leven/-/leven-3.1.0.tgz. Extracting by manifest.
1769 silly tarball no local data for whatwg-url@https://registry.npmjs.org/whatwg-url/-/whatwg-url-7.1.0.tgz. Extracting by manifest.
1770 silly tarball no local data for jsonpointer@https://registry.npmjs.org/jsonpointer/-/jsonpointer-5.0.1.tgz. Extracting by manifest.
1771 silly tarball no local data for require-from-string@https://registry.npmjs.org/require-from-string/-/require-from-string-2.0.2.tgz. Extracting by manifest.
1772 http cache eslint-scope@https://registry.npmjs.org/eslint-scope/-/eslint-scope-5.1.1.tgz 0ms (cache hit)
1773 silly tarball no local data for json-schema@https://registry.npmjs.org/json-schema/-/json-schema-0.4.0.tgz. Extracting by manifest.
1774 silly tarball no local data for fast-uri@https://registry.npmjs.org/fast-uri/-/fast-uri-3.1.0.tgz. Extracting by manifest.
1775 http cache schema-utils@https://registry.npmjs.org/schema-utils/-/schema-utils-4.3.3.tgz 0ms (cache hit)
1776 silly tarball no local data for p-try@https://registry.npmjs.org/p-try/-/p-try-2.2.0.tgz. Extracting by manifest.
1777 silly tarball no local data for ajv-formats@https://registry.npmjs.org/ajv-formats/-/ajv-formats-2.1.1.tgz. Extracting by manifest.
1778 silly tarball no local data for pinkie@https://registry.npmjs.org/pinkie/-/pinkie-2.0.4.tgz. Extracting by manifest.
1779 silly tarball no local data for @types/trusted-types@https://registry.npmjs.org/@types/trusted-types/-/trusted-types-2.0.7.tgz. Extracting by manifest.
1780 silly tarball no local data for pinkie-promise@https://registry.npmjs.org/pinkie-promise/-/pinkie-promise-2.0.1.tgz. Extracting by manifest.
1781 silly tarball no local data for array-uniq@https://registry.npmjs.org/array-uniq/-/array-uniq-1.0.3.tgz. Extracting by manifest.
1782 silly tarball no local data for crypto-random-string@https://registry.npmjs.org/crypto-random-string/-/crypto-random-string-2.0.0.tgz. Extracting by manifest.
1783 silly tarball no local data for unicode-property-aliases-ecmascript@https://registry.npmjs.org/unicode-property-aliases-ecmascript/-/unicode-property-aliases-ecmascript-2.2.0.tgz. Extracting by manifest.
1784 silly tarball no local data for unicode-canonical-property-names-ecmascript@https://registry.npmjs.org/unicode-canonical-property-names-ecmascript/-/unicode-canonical-property-names-ecmascript-2.0.1.tgz. Extracting by manifest.
1785 silly tarball no local data for sourcemap-codec@https://registry.npmjs.org/sourcemap-codec/-/sourcemap-codec-1.4.8.tgz. Extracting by manifest.
1786 silly tarball no local data for unique-string@https://registry.npmjs.org/unique-string/-/unique-string-2.0.0.tgz. Extracting by manifest.
1787 silly tarball no local data for type-fest@https://registry.npmjs.org/type-fest/-/type-fest-0.16.0.tgz. Extracting by manifest.
1788 silly tarball no local data for temp-dir@https://registry.npmjs.org/temp-dir/-/temp-dir-2.0.0.tgz. Extracting by manifest.
1789 silly tarball no local data for is-stream@https://registry.npmjs.org/is-stream/-/is-stream-2.0.1.tgz. Extracting by manifest.
1790 silly tarball no local data for is-regexp@https://registry.npmjs.org/is-regexp/-/is-regexp-1.0.0.tgz. Extracting by manifest.
1791 silly tarball no local data for is-obj@https://registry.npmjs.org/is-obj/-/is-obj-1.0.1.tgz. Extracting by manifest.
1792 silly tarball no local data for unicode-match-property-value-ecmascript@https://registry.npmjs.org/unicode-match-property-value-ecmascript/-/unicode-match-property-value-ecmascript-2.2.1.tgz. Extracting by manifest.
1793 silly tarball no local data for get-own-enumerable-property-symbols@https://registry.npmjs.org/get-own-enumerable-property-symbols/-/get-own-enumerable-property-symbols-3.0.2.tgz. Extracting by manifest.
1794 silly tarball no local data for unicode-match-property-ecmascript@https://registry.npmjs.org/unicode-match-property-ecmascript/-/unicode-match-property-ecmascript-2.0.0.tgz. Extracting by manifest.
1795 silly tarball no local data for regjsparser@https://registry.npmjs.org/regjsparser/-/regjsparser-0.13.0.tgz. Extracting by manifest.
1796 silly tarball no local data for regjsgen@https://registry.npmjs.org/regjsgen/-/regjsgen-0.8.0.tgz. Extracting by manifest.
1797 silly tarball no local data for regenerate-unicode-properties@https://registry.npmjs.org/regenerate-unicode-properties/-/regenerate-unicode-properties-10.2.2.tgz. Extracting by manifest.
1798 silly tarball no local data for regenerate@https://registry.npmjs.org/regenerate/-/regenerate-1.4.2.tgz. Extracting by manifest.
1799 silly tarball no local data for filelist@https://registry.npmjs.org/filelist/-/filelist-1.0.4.tgz. Extracting by manifest.
1800 silly tarball no local data for async@https://registry.npmjs.org/async/-/async-3.2.6.tgz. Extracting by manifest.
1801 silly tarball no local data for universalify@https://registry.npmjs.org/universalify/-/universalify-2.0.1.tgz. Extracting by manifest.
1802 silly tarball no local data for jsonfile@https://registry.npmjs.org/jsonfile/-/jsonfile-6.2.0.tgz. Extracting by manifest.
1803 silly tarball no local data for @babel/helper-define-polyfill-provider@https://registry.npmjs.org/@babel/helper-define-polyfill-provider/-/helper-define-polyfill-provider-0.6.6.tgz. Extracting by manifest.
1804 silly tarball no local data for at-least-node@https://registry.npmjs.org/at-least-node/-/at-least-node-1.0.0.tgz. Extracting by manifest.
1805 silly tarball no local data for jake@https://registry.npmjs.org/jake/-/jake-10.9.4.tgz. Extracting by manifest.
1806 silly tarball no local data for lodash.debounce@https://registry.npmjs.org/lodash.debounce/-/lodash.debounce-4.0.8.tgz. Extracting by manifest.
1807 silly tarball no local data for ejs@https://registry.npmjs.org/ejs/-/ejs-3.1.10.tgz. Extracting by manifest.
1808 silly tarball no local data for estree-walker@https://registry.npmjs.org/estree-walker/-/estree-walker-1.0.1.tgz. Extracting by manifest.
1809 silly tarball no local data for is-module@https://registry.npmjs.org/is-module/-/is-module-1.0.0.tgz. Extracting by manifest.
1810 silly tarball no local data for deepmerge@https://registry.npmjs.org/deepmerge/-/deepmerge-4.3.1.tgz. Extracting by manifest.
1811 silly tarball no local data for @types/resolve@https://registry.npmjs.org/@types/resolve/-/resolve-1.17.1.tgz. Extracting by manifest.
1812 silly tarball no local data for builtin-modules@https://registry.npmjs.org/builtin-modules/-/builtin-modules-3.3.0.tgz. Extracting by manifest.
1813 silly tarball no local data for @rollup/pluginutils@https://registry.npmjs.org/@rollup/pluginutils/-/pluginutils-3.1.0.tgz. Extracting by manifest.
1814 silly tarball no local data for @babel/helper-optimise-call-expression@https://registry.npmjs.org/@babel/helper-optimise-call-expression/-/helper-optimise-call-expression-7.27.1.tgz. Extracting by manifest.
1815 silly tarball no local data for @babel/helper-replace-supers@https://registry.npmjs.org/@babel/helper-replace-supers/-/helper-replace-supers-7.28.6.tgz. Extracting by manifest.
1816 silly tarball no local data for @babel/helper-create-class-features-plugin@https://registry.npmjs.org/@babel/helper-create-class-features-plugin/-/helper-create-class-features-plugin-7.28.6.tgz. Extracting by manifest.
1817 silly tarball no local data for @babel/helper-member-expression-to-functions@https://registry.npmjs.org/@babel/helper-member-expression-to-functions/-/helper-member-expression-to-functions-7.28.5.tgz. Extracting by manifest.
1818 silly tarball no local data for regexpu-core@https://registry.npmjs.org/regexpu-core/-/regexpu-core-6.4.0.tgz. Extracting by manifest.
1819 silly tarball no local data for @babel/helper-wrap-function@https://registry.npmjs.org/@babel/helper-wrap-function/-/helper-wrap-function-7.28.6.tgz. Extracting by manifest.
1820 silly tarball no local data for @babel/helper-remap-async-to-generator@https://registry.npmjs.org/@babel/helper-remap-async-to-generator/-/helper-remap-async-to-generator-7.27.1.tgz. Extracting by manifest.
1821 silly tarball no local data for @babel/helper-annotate-as-pure@https://registry.npmjs.org/@babel/helper-annotate-as-pure/-/helper-annotate-as-pure-7.27.3.tgz. Extracting by manifest.
1822 silly tarball no local data for @babel/helper-create-regexp-features-plugin@https://registry.npmjs.org/@babel/helper-create-regexp-features-plugin/-/helper-create-regexp-features-plugin-7.28.5.tgz. Extracting by manifest.
1823 silly tarball no local data for core-js-compat@https://registry.npmjs.org/core-js-compat/-/core-js-compat-3.48.0.tgz. Extracting by manifest.
1824 silly tarball no local data for @babel/helper-skip-transparent-expression-wrappers@https://registry.npmjs.org/@babel/helper-skip-transparent-expression-wrappers/-/helper-skip-transparent-expression-wrappers-7.27.1.tgz. Extracting by manifest.
1825 silly tarball no local data for @babel/plugin-transform-unicode-sets-regex@https://registry.npmjs.org/@babel/plugin-transform-unicode-sets-regex/-/plugin-transform-unicode-sets-regex-7.28.6.tgz. Extracting by manifest.
1826 silly tarball no local data for @babel/preset-modules@https://registry.npmjs.org/@babel/preset-modules/-/preset-modules-0.1.6-no-external-plugins.tgz. Extracting by manifest.
1827 silly tarball no local data for @babel/plugin-transform-unicode-regex@https://registry.npmjs.org/@babel/plugin-transform-unicode-regex/-/plugin-transform-unicode-regex-7.27.1.tgz. Extracting by manifest.
1828 silly tarball no local data for @babel/plugin-transform-unicode-property-regex@https://registry.npmjs.org/@babel/plugin-transform-unicode-property-regex/-/plugin-transform-unicode-property-regex-7.28.6.tgz. Extracting by manifest.
1829 silly tarball no local data for @babel/plugin-transform-unicode-escapes@https://registry.npmjs.org/@babel/plugin-transform-unicode-escapes/-/plugin-transform-unicode-escapes-7.27.1.tgz. Extracting by manifest.
1830 silly tarball no local data for @babel/plugin-transform-typeof-symbol@https://registry.npmjs.org/@babel/plugin-transform-typeof-symbol/-/plugin-transform-typeof-symbol-7.27.1.tgz. Extracting by manifest.
1831 silly tarball no local data for @babel/plugin-transform-template-literals@https://registry.npmjs.org/@babel/plugin-transform-template-literals/-/plugin-transform-template-literals-7.27.1.tgz. Extracting by manifest.
1832 silly tarball no local data for @babel/plugin-transform-sticky-regex@https://registry.npmjs.org/@babel/plugin-transform-sticky-regex/-/plugin-transform-sticky-regex-7.27.1.tgz. Extracting by manifest.
1833 silly tarball no local data for babel-plugin-polyfill-corejs3@https://registry.npmjs.org/babel-plugin-polyfill-corejs3/-/babel-plugin-polyfill-corejs3-0.13.0.tgz. Extracting by manifest.
1834 silly tarball no local data for babel-plugin-polyfill-regenerator@https://registry.npmjs.org/babel-plugin-polyfill-regenerator/-/babel-plugin-polyfill-regenerator-0.6.6.tgz. Extracting by manifest.
1835 silly tarball no local data for @babel/plugin-transform-spread@https://registry.npmjs.org/@babel/plugin-transform-spread/-/plugin-transform-spread-7.28.6.tgz. Extracting by manifest.
1836 silly tarball no local data for babel-plugin-polyfill-corejs2@https://registry.npmjs.org/babel-plugin-polyfill-corejs2/-/babel-plugin-polyfill-corejs2-0.4.15.tgz. Extracting by manifest.
1837 silly tarball no local data for @babel/plugin-transform-shorthand-properties@https://registry.npmjs.org/@babel/plugin-transform-shorthand-properties/-/plugin-transform-shorthand-properties-7.27.1.tgz. Extracting by manifest.
1838 silly tarball no local data for @babel/plugin-transform-reserved-words@https://registry.npmjs.org/@babel/plugin-transform-reserved-words/-/plugin-transform-reserved-words-7.27.1.tgz. Extracting by manifest.
1839 silly tarball no local data for @babel/plugin-transform-regexp-modifiers@https://registry.npmjs.org/@babel/plugin-transform-regexp-modifiers/-/plugin-transform-regexp-modifiers-7.28.6.tgz. Extracting by manifest.
1840 silly tarball no local data for @babel/plugin-transform-regenerator@https://registry.npmjs.org/@babel/plugin-transform-regenerator/-/plugin-transform-regenerator-7.28.6.tgz. Extracting by manifest.
1841 silly tarball no local data for @babel/plugin-transform-property-literals@https://registry.npmjs.org/@babel/plugin-transform-property-literals/-/plugin-transform-property-literals-7.27.1.tgz. Extracting by manifest.
1842 silly tarball no local data for @babel/plugin-transform-private-property-in-object@https://registry.npmjs.org/@babel/plugin-transform-private-property-in-object/-/plugin-transform-private-property-in-object-7.28.6.tgz. Extracting by manifest.
1843 silly tarball no local data for @babel/plugin-transform-private-methods@https://registry.npmjs.org/@babel/plugin-transform-private-methods/-/plugin-transform-private-methods-7.28.6.tgz. Extracting by manifest.
1844 silly tarball no local data for @babel/plugin-transform-parameters@https://registry.npmjs.org/@babel/plugin-transform-parameters/-/plugin-transform-parameters-7.27.7.tgz. Extracting by manifest.
1845 silly tarball no local data for @babel/plugin-transform-optional-chaining@https://registry.npmjs.org/@babel/plugin-transform-optional-chaining/-/plugin-transform-optional-chaining-7.28.6.tgz. Extracting by manifest.
1846 silly tarball no local data for @babel/plugin-transform-optional-catch-binding@https://registry.npmjs.org/@babel/plugin-transform-optional-catch-binding/-/plugin-transform-optional-catch-binding-7.28.6.tgz. Extracting by manifest.
1847 silly tarball no local data for @babel/plugin-transform-numeric-separator@https://registry.npmjs.org/@babel/plugin-transform-numeric-separator/-/plugin-transform-numeric-separator-7.28.6.tgz. Extracting by manifest.
1848 silly tarball no local data for @babel/plugin-transform-new-target@https://registry.npmjs.org/@babel/plugin-transform-new-target/-/plugin-transform-new-target-7.27.1.tgz. Extracting by manifest.
1849 silly tarball no local data for @babel/plugin-transform-object-super@https://registry.npmjs.org/@babel/plugin-transform-object-super/-/plugin-transform-object-super-7.27.1.tgz. Extracting by manifest.
1850 silly tarball no local data for @babel/plugin-transform-object-rest-spread@https://registry.npmjs.org/@babel/plugin-transform-object-rest-spread/-/plugin-transform-object-rest-spread-7.28.6.tgz. Extracting by manifest.
1851 silly tarball no local data for @babel/plugin-transform-modules-commonjs@https://registry.npmjs.org/@babel/plugin-transform-modules-commonjs/-/plugin-transform-modules-commonjs-7.28.6.tgz. Extracting by manifest.
1852 silly tarball no local data for @babel/plugin-transform-named-capturing-groups-regex@https://registry.npmjs.org/@babel/plugin-transform-named-capturing-groups-regex/-/plugin-transform-named-capturing-groups-regex-7.27.1.tgz. Extracting by manifest.
1853 silly tarball no local data for @babel/plugin-transform-modules-systemjs@https://registry.npmjs.org/@babel/plugin-transform-modules-systemjs/-/plugin-transform-modules-systemjs-7.28.5.tgz. Extracting by manifest.
1854 silly tarball no local data for @babel/plugin-transform-modules-umd@https://registry.npmjs.org/@babel/plugin-transform-modules-umd/-/plugin-transform-modules-umd-7.27.1.tgz. Extracting by manifest.
1855 silly tarball no local data for @babel/plugin-transform-modules-amd@https://registry.npmjs.org/@babel/plugin-transform-modules-amd/-/plugin-transform-modules-amd-7.27.1.tgz. Extracting by manifest.
1856 silly tarball no local data for @babel/plugin-transform-member-expression-literals@https://registry.npmjs.org/@babel/plugin-transform-member-expression-literals/-/plugin-transform-member-expression-literals-7.27.1.tgz. Extracting by manifest.
1857 silly tarball no local data for @babel/plugin-transform-logical-assignment-operators@https://registry.npmjs.org/@babel/plugin-transform-logical-assignment-operators/-/plugin-transform-logical-assignment-operators-7.28.6.tgz. Extracting by manifest.
1858 silly tarball no local data for @babel/plugin-transform-literals@https://registry.npmjs.org/@babel/plugin-transform-literals/-/plugin-transform-literals-7.27.1.tgz. Extracting by manifest.
1859 silly tarball no local data for @babel/plugin-transform-nullish-coalescing-operator@https://registry.npmjs.org/@babel/plugin-transform-nullish-coalescing-operator/-/plugin-transform-nullish-coalescing-operator-7.28.6.tgz. Extracting by manifest.
1860 silly tarball no local data for @babel/plugin-transform-for-of@https://registry.npmjs.org/@babel/plugin-transform-for-of/-/plugin-transform-for-of-7.27.1.tgz. Extracting by manifest.
1861 silly tarball no local data for @babel/plugin-transform-function-name@https://registry.npmjs.org/@babel/plugin-transform-function-name/-/plugin-transform-function-name-7.27.1.tgz. Extracting by manifest.
1862 silly tarball no local data for @babel/plugin-transform-export-namespace-from@https://registry.npmjs.org/@babel/plugin-transform-export-namespace-from/-/plugin-transform-export-namespace-from-7.27.1.tgz. Extracting by manifest.
1863 silly tarball no local data for @babel/plugin-transform-json-strings@https://registry.npmjs.org/@babel/plugin-transform-json-strings/-/plugin-transform-json-strings-7.28.6.tgz. Extracting by manifest.
1864 silly tarball no local data for @babel/plugin-transform-exponentiation-operator@https://registry.npmjs.org/@babel/plugin-transform-exponentiation-operator/-/plugin-transform-exponentiation-operator-7.28.6.tgz. Extracting by manifest.
1865 silly tarball no local data for @babel/plugin-transform-explicit-resource-management@https://registry.npmjs.org/@babel/plugin-transform-explicit-resource-management/-/plugin-transform-explicit-resource-management-7.28.6.tgz. Extracting by manifest.
1866 silly tarball no local data for @babel/plugin-transform-dynamic-import@https://registry.npmjs.org/@babel/plugin-transform-dynamic-import/-/plugin-transform-dynamic-import-7.27.1.tgz. Extracting by manifest.
1867 silly tarball no local data for @babel/plugin-transform-duplicate-keys@https://registry.npmjs.org/@babel/plugin-transform-duplicate-keys/-/plugin-transform-duplicate-keys-7.27.1.tgz. Extracting by manifest.
1868 silly tarball no local data for @babel/plugin-transform-dotall-regex@https://registry.npmjs.org/@babel/plugin-transform-dotall-regex/-/plugin-transform-dotall-regex-7.28.6.tgz. Extracting by manifest.
1869 silly tarball no local data for @babel/plugin-transform-duplicate-named-capturing-groups-regex@https://registry.npmjs.org/@babel/plugin-transform-duplicate-named-capturing-groups-regex/-/plugin-transform-duplicate-named-capturing-groups-regex-7.28.6.tgz. Extracting by manifest.
1870 silly tarball no local data for @babel/plugin-transform-computed-properties@https://registry.npmjs.org/@babel/plugin-transform-computed-properties/-/plugin-transform-computed-properties-7.28.6.tgz. Extracting by manifest.
1871 silly tarball no local data for @babel/plugin-transform-destructuring@https://registry.npmjs.org/@babel/plugin-transform-destructuring/-/plugin-transform-destructuring-7.28.5.tgz. Extracting by manifest.
1872 silly tarball no local data for @babel/plugin-transform-classes@https://registry.npmjs.org/@babel/plugin-transform-classes/-/plugin-transform-classes-7.28.6.tgz. Extracting by manifest.
1873 silly tarball no local data for @babel/plugin-transform-class-properties@https://registry.npmjs.org/@babel/plugin-transform-class-properties/-/plugin-transform-class-properties-7.28.6.tgz. Extracting by manifest.
1874 silly tarball no local data for @babel/plugin-transform-class-static-block@https://registry.npmjs.org/@babel/plugin-transform-class-static-block/-/plugin-transform-class-static-block-7.28.6.tgz. Extracting by manifest.
1875 silly tarball no local data for @babel/plugin-transform-block-scoped-functions@https://registry.npmjs.org/@babel/plugin-transform-block-scoped-functions/-/plugin-transform-block-scoped-functions-7.27.1.tgz. Extracting by manifest.
1876 silly tarball no local data for @babel/plugin-transform-async-to-generator@https://registry.npmjs.org/@babel/plugin-transform-async-to-generator/-/plugin-transform-async-to-generator-7.28.6.tgz. Extracting by manifest.
1877 silly tarball no local data for @babel/plugin-transform-block-scoping@https://registry.npmjs.org/@babel/plugin-transform-block-scoping/-/plugin-transform-block-scoping-7.28.6.tgz. Extracting by manifest.
1878 silly tarball no local data for @babel/plugin-transform-async-generator-functions@https://registry.npmjs.org/@babel/plugin-transform-async-generator-functions/-/plugin-transform-async-generator-functions-7.28.6.tgz. Extracting by manifest.
1879 silly tarball no local data for @babel/plugin-transform-arrow-functions@https://registry.npmjs.org/@babel/plugin-transform-arrow-functions/-/plugin-transform-arrow-functions-7.27.1.tgz. Extracting by manifest.
1880 silly tarball no local data for @babel/plugin-syntax-unicode-sets-regex@https://registry.npmjs.org/@babel/plugin-syntax-unicode-sets-regex/-/plugin-syntax-unicode-sets-regex-7.18.6.tgz. Extracting by manifest.
1881 silly tarball no local data for @babel/plugin-syntax-import-assertions@https://registry.npmjs.org/@babel/plugin-syntax-import-assertions/-/plugin-syntax-import-assertions-7.28.6.tgz. Extracting by manifest.
1882 silly tarball no local data for @babel/plugin-syntax-import-attributes@https://registry.npmjs.org/@babel/plugin-syntax-import-attributes/-/plugin-syntax-import-attributes-7.28.6.tgz. Extracting by manifest.
1883 silly tarball no local data for @babel/plugin-bugfix-v8-static-class-fields-redefine-readonly@https://registry.npmjs.org/@babel/plugin-bugfix-v8-static-class-fields-redefine-readonly/-/plugin-bugfix-v8-static-class-fields-redefine-readonly-7.28.6.tgz. Extracting by manifest.
1884 silly tarball no local data for @babel/plugin-proposal-private-property-in-object@https://registry.npmjs.org/@babel/plugin-proposal-private-property-in-object/-/plugin-proposal-private-property-in-object-7.21.0-placeholder-for-preset-env.2.tgz. Extracting by manifest.
1885 silly tarball no local data for @babel/plugin-bugfix-v8-spread-parameters-in-optional-chaining@https://registry.npmjs.org/@babel/plugin-bugfix-v8-spread-parameters-in-optional-chaining/-/plugin-bugfix-v8-spread-parameters-in-optional-chaining-7.27.1.tgz. Extracting by manifest.
1886 silly tarball no local data for @babel/plugin-bugfix-safari-class-field-initializer-scope@https://registry.npmjs.org/@babel/plugin-bugfix-safari-class-field-initializer-scope/-/plugin-bugfix-safari-class-field-initializer-scope-7.27.1.tgz. Extracting by manifest.
1887 silly tarball no local data for @babel/plugin-bugfix-safari-id-destructuring-collision-in-function-expression@https://registry.npmjs.org/@babel/plugin-bugfix-safari-id-destructuring-collision-in-function-expression/-/plugin-bugfix-safari-id-destructuring-collision-in-function-expression-7.27.1.tgz. Extracting by manifest.
1888 silly tarball no local data for @babel/plugin-bugfix-firefox-class-in-computed-class-key@https://registry.npmjs.org/@babel/plugin-bugfix-firefox-class-in-computed-class-key/-/plugin-bugfix-firefox-class-in-computed-class-key-7.28.5.tgz. Extracting by manifest.
1889 silly tarball no local data for @babel/helper-plugin-utils@https://registry.npmjs.org/@babel/helper-plugin-utils/-/helper-plugin-utils-7.28.6.tgz. Extracting by manifest.
1890 silly tarball no local data for workbox-sw@https://registry.npmjs.org/workbox-sw/-/workbox-sw-6.6.0.tgz. Extracting by manifest.
1891 silly tarball no local data for workbox-streams@https://registry.npmjs.org/workbox-streams/-/workbox-streams-6.6.0.tgz. Extracting by manifest.
1892 silly tarball no local data for workbox-strategies@https://registry.npmjs.org/workbox-strategies/-/workbox-strategies-6.6.0.tgz. Extracting by manifest.
1893 silly tarball no local data for workbox-routing@https://registry.npmjs.org/workbox-routing/-/workbox-routing-6.6.0.tgz. Extracting by manifest.
1894 silly tarball no local data for workbox-recipes@https://registry.npmjs.org/workbox-recipes/-/workbox-recipes-6.6.0.tgz. Extracting by manifest.
1895 silly tarball no local data for workbox-range-requests@https://registry.npmjs.org/workbox-range-requests/-/workbox-range-requests-6.6.0.tgz. Extracting by manifest.
1896 silly tarball no local data for workbox-precaching@https://registry.npmjs.org/workbox-precaching/-/workbox-precaching-6.6.0.tgz. Extracting by manifest.
1897 silly tarball no local data for workbox-navigation-preload@https://registry.npmjs.org/workbox-navigation-preload/-/workbox-navigation-preload-6.6.0.tgz. Extracting by manifest.
1898 silly tarball no local data for workbox-google-analytics@https://registry.npmjs.org/workbox-google-analytics/-/workbox-google-analytics-6.6.0.tgz. Extracting by manifest.
1899 silly tarball no local data for workbox-expiration@https://registry.npmjs.org/workbox-expiration/-/workbox-expiration-6.6.0.tgz. Extracting by manifest.
1900 silly tarball no local data for workbox-core@https://registry.npmjs.org/workbox-core/-/workbox-core-6.6.0.tgz. Extracting by manifest.
1901 silly tarball no local data for workbox-cacheable-response@https://registry.npmjs.org/workbox-cacheable-response/-/workbox-cacheable-response-6.6.0.tgz. Extracting by manifest.
1902 silly tarball no local data for workbox-broadcast-update@https://registry.npmjs.org/workbox-broadcast-update/-/workbox-broadcast-update-6.6.0.tgz. Extracting by manifest.
1903 silly tarball no local data for tempy@https://registry.npmjs.org/tempy/-/tempy-0.6.0.tgz. Extracting by manifest.
1904 silly tarball no local data for workbox-background-sync@https://registry.npmjs.org/workbox-background-sync/-/workbox-background-sync-6.6.0.tgz. Extracting by manifest.
1905 silly tarball no local data for strip-comments@https://registry.npmjs.org/strip-comments/-/strip-comments-2.0.1.tgz. Extracting by manifest.
1906 silly tarball no local data for rollup-plugin-terser@https://registry.npmjs.org/rollup-plugin-terser/-/rollup-plugin-terser-7.0.2.tgz. Extracting by manifest.
1907 silly tarball no local data for stringify-object@https://registry.npmjs.org/stringify-object/-/stringify-object-3.3.0.tgz. Extracting by manifest.
1908 silly tarball no local data for lodash@https://registry.npmjs.org/lodash/-/lodash-4.17.23.tgz. Extracting by manifest.
1909 silly tarball no local data for common-tags@https://registry.npmjs.org/common-tags/-/common-tags-1.8.2.tgz. Extracting by manifest.
1910 silly tarball no local data for fs-extra@https://registry.npmjs.org/fs-extra/-/fs-extra-9.1.0.tgz. Extracting by manifest.
1911 silly tarball no local data for rollup@https://registry.npmjs.org/rollup/-/rollup-2.79.2.tgz. Extracting by manifest.
1912 silly tarball no local data for @rollup/plugin-replace@https://registry.npmjs.org/@rollup/plugin-replace/-/plugin-replace-2.4.2.tgz. Extracting by manifest.
1913 silly tarball no local data for @surma/rollup-plugin-off-main-thread@https://registry.npmjs.org/@surma/rollup-plugin-off-main-thread/-/rollup-plugin-off-main-thread-2.2.3.tgz. Extracting by manifest.
1914 silly tarball no local data for @babel/runtime@https://registry.npmjs.org/@babel/runtime/-/runtime-7.28.6.tgz. Extracting by manifest.
1915 silly tarball no local data for @rollup/plugin-node-resolve@https://registry.npmjs.org/@rollup/plugin-node-resolve/-/plugin-node-resolve-11.2.1.tgz. Extracting by manifest.
1916 silly tarball no local data for @babel/preset-env@https://registry.npmjs.org/@babel/preset-env/-/preset-env-7.28.6.tgz. Extracting by manifest.
1917 silly tarball no local data for workbox-build@https://registry.npmjs.org/workbox-build/-/workbox-build-6.6.0.tgz. Extracting by manifest.
1918 silly tarball no local data for @rollup/plugin-babel@https://registry.npmjs.org/@rollup/plugin-babel/-/plugin-babel-5.3.1.tgz. Extracting by manifest.
1919 silly tarball no local data for @webassemblyjs/utf8@https://registry.npmjs.org/@webassemblyjs/utf8/-/utf8-1.13.2.tgz. Extracting by manifest.
1920 silly tarball no local data for @xtuc/ieee754@https://registry.npmjs.org/@xtuc/ieee754/-/ieee754-1.2.0.tgz. Extracting by manifest.
1921 silly tarball no local data for @webassemblyjs/leb128@https://registry.npmjs.org/@webassemblyjs/leb128/-/leb128-1.13.2.tgz. Extracting by manifest.
1922 silly tarball no local data for upath@https://registry.npmjs.org/upath/-/upath-1.2.0.tgz. Extracting by manifest.
1923 silly tarball no local data for pretty-bytes@https://registry.npmjs.org/pretty-bytes/-/pretty-bytes-5.6.0.tgz. Extracting by manifest.
1924 silly tarball no local data for @webassemblyjs/ieee754@https://registry.npmjs.org/@webassemblyjs/ieee754/-/ieee754-1.13.2.tgz. Extracting by manifest.
1925 silly tarball no local data for @webassemblyjs/wast-printer@https://registry.npmjs.org/@webassemblyjs/wast-printer/-/wast-printer-1.14.1.tgz. Extracting by manifest.
1926 silly tarball no local data for @webassemblyjs/wasm-opt@https://registry.npmjs.org/@webassemblyjs/wasm-opt/-/wasm-opt-1.14.1.tgz. Extracting by manifest.
1927 silly tarball no local data for @webassemblyjs/wasm-gen@https://registry.npmjs.org/@webassemblyjs/wasm-gen/-/wasm-gen-1.14.1.tgz. Extracting by manifest.
1928 silly tarball no local data for @xtuc/long@https://registry.npmjs.org/@xtuc/long/-/long-4.2.2.tgz. Extracting by manifest.
1929 silly tarball no local data for @webassemblyjs/helper-wasm-section@https://registry.npmjs.org/@webassemblyjs/helper-wasm-section/-/helper-wasm-section-1.14.1.tgz. Extracting by manifest.
1930 silly tarball no local data for @webassemblyjs/helper-buffer@https://registry.npmjs.org/@webassemblyjs/helper-buffer/-/helper-buffer-1.14.1.tgz. Extracting by manifest.
1931 silly tarball no local data for @webassemblyjs/helper-api-error@https://registry.npmjs.org/@webassemblyjs/helper-api-error/-/helper-api-error-1.13.2.tgz. Extracting by manifest.
1932 silly tarball no local data for @types/eslint@https://registry.npmjs.org/@types/eslint/-/eslint-9.6.1.tgz. Extracting by manifest.
1933 silly tarball no local data for @webassemblyjs/floating-point-hex-parser@https://registry.npmjs.org/@webassemblyjs/floating-point-hex-parser/-/floating-point-hex-parser-1.13.2.tgz. Extracting by manifest.
1934 silly tarball no local data for watchpack@https://registry.npmjs.org/watchpack/-/watchpack-2.5.1.tgz. Extracting by manifest.
1935 silly tarball no local data for @webassemblyjs/helper-numbers@https://registry.npmjs.org/@webassemblyjs/helper-numbers/-/helper-numbers-1.13.2.tgz. Extracting by manifest.
1936 silly tarball no local data for @webassemblyjs/helper-wasm-bytecode@https://registry.npmjs.org/@webassemblyjs/helper-wasm-bytecode/-/helper-wasm-bytecode-1.13.2.tgz. Extracting by manifest.
1937 silly tarball no local data for webpack-sources@https://registry.npmjs.org/webpack-sources/-/webpack-sources-3.3.3.tgz. Extracting by manifest.
1938 silly tarball no local data for loader-runner@https://registry.npmjs.org/loader-runner/-/loader-runner-4.3.1.tgz. Extracting by manifest.
1939 silly tarball no local data for neo-async@https://registry.npmjs.org/neo-async/-/neo-async-2.6.2.tgz. Extracting by manifest.
1940 silly tarball no local data for json-parse-even-better-errors@https://registry.npmjs.org/json-parse-even-better-errors/-/json-parse-even-better-errors-2.3.1.tgz. Extracting by manifest.
1941 silly tarball no local data for glob-to-regexp@https://registry.npmjs.org/glob-to-regexp/-/glob-to-regexp-0.4.1.tgz. Extracting by manifest.
1942 silly tarball no local data for events@https://registry.npmjs.org/events/-/events-3.3.0.tgz. Extracting by manifest.
1943 silly tarball no local data for es-module-lexer@https://registry.npmjs.org/es-module-lexer/-/es-module-lexer-2.0.0.tgz. Extracting by manifest.
1944 silly tarball no local data for chrome-trace-event@https://registry.npmjs.org/chrome-trace-event/-/chrome-trace-event-1.0.4.tgz. Extracting by manifest.
1945 silly tarball no local data for @types/eslint-scope@https://registry.npmjs.org/@types/eslint-scope/-/eslint-scope-3.7.7.tgz. Extracting by manifest.
1946 silly tarball no local data for acorn-import-phases@https://registry.npmjs.org/acorn-import-phases/-/acorn-import-phases-1.0.4.tgz. Extracting by manifest.
1947 silly tarball no local data for @webassemblyjs/wasm-parser@https://registry.npmjs.org/@webassemblyjs/wasm-parser/-/wasm-parser-1.14.1.tgz. Extracting by manifest.
1948 silly tarball no local data for source-map@https://registry.npmjs.org/source-map/-/source-map-0.6.1.tgz. Extracting by manifest.
1949 silly tarball no local data for @webassemblyjs/wasm-edit@https://registry.npmjs.org/@webassemblyjs/wasm-edit/-/wasm-edit-1.14.1.tgz. Extracting by manifest.
1950 silly tarball no local data for @webassemblyjs/ast@https://registry.npmjs.org/@webassemblyjs/ast/-/ast-1.14.1.tgz. Extracting by manifest.
1951 silly tarball no local data for @jridgewell/source-map@https://registry.npmjs.org/@jridgewell/source-map/-/source-map-0.3.11.tgz. Extracting by manifest.
1952 silly tarball no local data for source-map-support@https://registry.npmjs.org/source-map-support/-/source-map-support-0.5.21.tgz. Extracting by manifest.
1953 silly tarball no local data for buffer-from@https://registry.npmjs.org/buffer-from/-/buffer-from-1.1.2.tgz. Extracting by manifest.
1954 silly tarball no local data for commander@https://registry.npmjs.org/commander/-/commander-2.20.3.tgz. Extracting by manifest.
1955 silly tarball no local data for randombytes@https://registry.npmjs.org/randombytes/-/randombytes-2.1.0.tgz. Extracting by manifest.
1956 silly tarball no local data for merge-stream@https://registry.npmjs.org/merge-stream/-/merge-stream-2.0.0.tgz. Extracting by manifest.
1957 silly tarball no local data for terser@https://registry.npmjs.org/terser/-/terser-5.46.0.tgz. Extracting by manifest.
1958 silly tarball no local data for jest-worker@https://registry.npmjs.org/jest-worker/-/jest-worker-27.5.1.tgz. Extracting by manifest.
1959 silly tarball no local data for wrappy@https://registry.npmjs.org/wrappy/-/wrappy-1.0.2.tgz. Extracting by manifest.
1960 silly tarball no local data for serialize-javascript@https://registry.npmjs.org/serialize-javascript/-/serialize-javascript-6.0.2.tgz. Extracting by manifest.
1961 silly tarball no local data for path-is-absolute@https://registry.npmjs.org/path-is-absolute/-/path-is-absolute-1.0.1.tgz. Extracting by manifest.
1962 silly tarball no local data for once@https://registry.npmjs.org/once/-/once-1.4.0.tgz. Extracting by manifest.
1963 silly tarball no local data for ajv-keywords@https://registry.npmjs.org/ajv-keywords/-/ajv-keywords-3.5.2.tgz. Extracting by manifest.
1964 silly tarball no local data for fs.realpath@https://registry.npmjs.org/fs.realpath/-/fs.realpath-1.0.0.tgz. Extracting by manifest.
1965 silly tarball no local data for glob@https://registry.npmjs.org/glob/-/glob-7.2.3.tgz. Extracting by manifest.
1966 silly tarball no local data for inflight@https://registry.npmjs.org/inflight/-/inflight-1.0.6.tgz. Extracting by manifest.
1967 silly tarball no local data for is-path-inside@https://registry.npmjs.org/is-path-inside/-/is-path-inside-2.1.0.tgz. Extracting by manifest.
1968 silly tarball no local data for path-is-inside@https://registry.npmjs.org/path-is-inside/-/path-is-inside-1.0.2.tgz. Extracting by manifest.
1969 silly tarball no local data for emojis-list@https://registry.npmjs.org/emojis-list/-/emojis-list-3.0.0.tgz. Extracting by manifest.
1970 silly tarball no local data for path-type@https://registry.npmjs.org/path-type/-/path-type-4.0.0.tgz. Extracting by manifest.
1971 silly tarball no local data for big.js@https://registry.npmjs.org/big.js/-/big.js-5.2.2.tgz. Extracting by manifest.
1972 silly tarball no local data for dir-glob@https://registry.npmjs.org/dir-glob/-/dir-glob-3.0.1.tgz. Extracting by manifest.
1973 silly tarball no local data for slash@https://registry.npmjs.org/slash/-/slash-3.0.0.tgz. Extracting by manifest.
1974 silly tarball no local data for array-union@https://registry.npmjs.org/array-union/-/array-union-2.1.0.tgz. Extracting by manifest.
1975 silly tarball no local data for pkg-dir@https://registry.npmjs.org/pkg-dir/-/pkg-dir-4.2.0.tgz. Extracting by manifest.
1976 silly tarball no local data for @types/minimatch@https://registry.npmjs.org/@types/minimatch/-/minimatch-5.1.2.tgz. Extracting by manifest.
1977 silly tarball no local data for commondir@https://registry.npmjs.org/commondir/-/commondir-1.0.1.tgz. Extracting by manifest.
1978 silly tarball no local data for rimraf@https://registry.npmjs.org/rimraf/-/rimraf-2.7.1.tgz. Extracting by manifest.
1979 silly tarball no local data for pify@https://registry.npmjs.org/pify/-/pify-4.0.1.tgz. Extracting by manifest.
1980 silly tarball no local data for @types/glob@https://registry.npmjs.org/@types/glob/-/glob-7.2.0.tgz. Extracting by manifest.
1981 silly tarball no local data for p-map@https://registry.npmjs.org/p-map/-/p-map-2.1.0.tgz. Extracting by manifest.
1982 silly tarball no local data for is-path-cwd@https://registry.npmjs.org/is-path-cwd/-/is-path-cwd-2.2.0.tgz. Extracting by manifest.
1983 silly tarball no local data for del@https://registry.npmjs.org/del/-/del-4.1.1.tgz. Extracting by manifest.
1984 silly tarball no local data for is-path-in-cwd@https://registry.npmjs.org/is-path-in-cwd/-/is-path-in-cwd-2.1.0.tgz. Extracting by manifest.
1985 silly tarball no local data for schema-utils@https://registry.npmjs.org/schema-utils/-/schema-utils-2.7.1.tgz. Extracting by manifest.
1986 silly tarball no local data for loader-utils@https://registry.npmjs.org/loader-utils/-/loader-utils-2.0.4.tgz. Extracting by manifest.
1987 silly tarball no local data for find-cache-dir@https://registry.npmjs.org/find-cache-dir/-/find-cache-dir-3.3.2.tgz. Extracting by manifest.
1988 silly tarball no local data for make-dir@https://registry.npmjs.org/make-dir/-/make-dir-3.1.0.tgz. Extracting by manifest.
1989 silly tarball no local data for workbox-webpack-plugin@https://registry.npmjs.org/workbox-webpack-plugin/-/workbox-webpack-plugin-6.6.0.tgz. Extracting by manifest.
1990 silly tarball no local data for workbox-window@https://registry.npmjs.org/workbox-window/-/workbox-window-6.6.0.tgz. Extracting by manifest.
1991 silly tarball no local data for webpack@https://registry.npmjs.org/webpack/-/webpack-5.104.1.tgz. Extracting by manifest.
1992 silly tarball no local data for globby@https://registry.npmjs.org/globby/-/globby-11.1.0.tgz. Extracting by manifest.
1993 silly tarball no local data for terser-webpack-plugin@https://registry.npmjs.org/terser-webpack-plugin/-/terser-webpack-plugin-5.3.16.tgz. Extracting by manifest.
1994 silly tarball no local data for clean-webpack-plugin@https://registry.npmjs.org/clean-webpack-plugin/-/clean-webpack-plugin-4.0.0.tgz. Extracting by manifest.
1995 silly tarball no local data for json-schema-traverse@https://registry.npmjs.org/json-schema-traverse/-/json-schema-traverse-1.0.0.tgz. Extracting by manifest.
1996 silly tarball no local data for ajv@https://registry.npmjs.org/ajv/-/ajv-8.17.1.tgz. Extracting by manifest.
1997 silly tarball no local data for next-pwa@https://registry.npmjs.org/next-pwa/-/next-pwa-5.6.0.tgz. Extracting by manifest.
1998 silly tarball no local data for babel-loader@https://registry.npmjs.org/babel-loader/-/babel-loader-8.4.1.tgz. Extracting by manifest.
1999 silly tarball no local data for idb@https://registry.npmjs.org/idb/-/idb-7.1.1.tgz. Extracting by manifest.
2000 silly tarball no local data for brace-expansion@https://registry.npmjs.org/brace-expansion/-/brace-expansion-2.0.2.tgz. Extracting by manifest.
2001 silly tarball no local data for minimatch@https://registry.npmjs.org/minimatch/-/minimatch-5.1.6.tgz. Extracting by manifest.
2002 silly tarball no local data for @types/estree@https://registry.npmjs.org/@types/estree/-/estree-0.0.39.tgz. Extracting by manifest.
2003 silly tarball no local data for idb@https://registry.npmjs.org/idb/-/idb-7.1.1.tgz. Extracting by manifest.
2004 silly tarball no local data for magic-string@https://registry.npmjs.org/magic-string/-/magic-string-0.25.9.tgz. Extracting by manifest.
2005 silly tarball no local data for jest-worker@https://registry.npmjs.org/jest-worker/-/jest-worker-26.6.2.tgz. Extracting by manifest.
2006 silly tarball no local data for json-schema-traverse@https://registry.npmjs.org/json-schema-traverse/-/json-schema-traverse-1.0.0.tgz. Extracting by manifest.
2007 silly tarball no local data for serialize-javascript@https://registry.npmjs.org/serialize-javascript/-/serialize-javascript-4.0.0.tgz. Extracting by manifest.
2008 silly tarball no local data for magic-string@https://registry.npmjs.org/magic-string/-/magic-string-0.25.9.tgz. Extracting by manifest.
2009 silly tarball no local data for supports-color@https://registry.npmjs.org/supports-color/-/supports-color-8.1.1.tgz. Extracting by manifest.
2010 silly tarball no local data for @apideck/better-ajv-errors@https://registry.npmjs.org/@apideck/better-ajv-errors/-/better-ajv-errors-0.3.6.tgz. Extracting by manifest.
2011 silly tarball no local data for ajv@https://registry.npmjs.org/ajv/-/ajv-8.17.1.tgz. Extracting by manifest.
2012 silly tarball no local data for array-union@https://registry.npmjs.org/array-union/-/array-union-1.0.2.tgz. Extracting by manifest.
2013 silly tarball no local data for source-map@https://registry.npmjs.org/source-map/-/source-map-0.8.0-beta.0.tgz. Extracting by manifest.
2014 silly tarball no local data for globby@https://registry.npmjs.org/globby/-/globby-6.1.0.tgz. Extracting by manifest.
2015 silly tarball no local data for p-limit@https://registry.npmjs.org/p-limit/-/p-limit-2.3.0.tgz. Extracting by manifest.
2016 silly tarball no local data for pify@https://registry.npmjs.org/pify/-/pify-2.3.0.tgz. Extracting by manifest.
2017 silly tarball no local data for webpack-sources@https://registry.npmjs.org/webpack-sources/-/webpack-sources-1.4.3.tgz. Extracting by manifest.
2018 silly tarball no local data for locate-path@https://registry.npmjs.org/locate-path/-/locate-path-5.0.0.tgz. Extracting by manifest.
2019 silly tarball no local data for p-locate@https://registry.npmjs.org/p-locate/-/p-locate-4.1.0.tgz. Extracting by manifest.
2020 silly tarball no local data for find-up@https://registry.npmjs.org/find-up/-/find-up-4.1.0.tgz. Extracting by manifest.
2021 silly tarball no local data for json-schema-traverse@https://registry.npmjs.org/json-schema-traverse/-/json-schema-traverse-1.0.0.tgz. Extracting by manifest.
2022 silly tarball no local data for json-schema-traverse@https://registry.npmjs.org/json-schema-traverse/-/json-schema-traverse-1.0.0.tgz. Extracting by manifest.
2023 silly tarball no local data for ajv-keywords@https://registry.npmjs.org/ajv-keywords/-/ajv-keywords-5.1.0.tgz. Extracting by manifest.
2024 silly tarball no local data for ajv@https://registry.npmjs.org/ajv/-/ajv-8.17.1.tgz. Extracting by manifest.
2025 silly tarball no local data for ajv-keywords@https://registry.npmjs.org/ajv-keywords/-/ajv-keywords-5.1.0.tgz. Extracting by manifest.
2026 silly tarball no local data for schema-utils@https://registry.npmjs.org/schema-utils/-/schema-utils-4.3.3.tgz. Extracting by manifest.
2027 silly tarball no local data for ajv@https://registry.npmjs.org/ajv/-/ajv-8.17.1.tgz. Extracting by manifest.
2028 silly tarball no local data for estraverse@https://registry.npmjs.org/estraverse/-/estraverse-4.3.0.tgz. Extracting by manifest.
2029 silly tarball no local data for eslint-scope@https://registry.npmjs.org/eslint-scope/-/eslint-scope-5.1.1.tgz. Extracting by manifest.
2030 silly tarball no local data for schema-utils@https://registry.npmjs.org/schema-utils/-/schema-utils-4.3.3.tgz. Extracting by manifest.
2031 http fetch GET 200 https://registry.npmjs.org/webidl-conversions/-/webidl-conversions-4.0.2.tgz 142ms (cache miss)
2032 http fetch GET 200 https://registry.npmjs.org/pinkie/-/pinkie-2.0.4.tgz 139ms (cache miss)
2033 http fetch GET 200 https://registry.npmjs.org/json-schema/-/json-schema-0.4.0.tgz 140ms (cache miss)
2034 http fetch GET 200 https://registry.npmjs.org/jsonpointer/-/jsonpointer-5.0.1.tgz 148ms (cache miss)
2035 http fetch GET 200 https://registry.npmjs.org/require-from-string/-/require-from-string-2.0.2.tgz 150ms (cache miss)
2036 http fetch GET 200 https://registry.npmjs.org/lodash.sortby/-/lodash.sortby-4.7.0.tgz 152ms (cache miss)
2037 http fetch GET 200 https://registry.npmjs.org/leven/-/leven-3.1.0.tgz 153ms (cache miss)
2038 http fetch GET 200 https://registry.npmjs.org/p-try/-/p-try-2.2.0.tgz 163ms (cache miss)
2039 http fetch GET 200 https://registry.npmjs.org/@types/trusted-types/-/trusted-types-2.0.7.tgz 163ms (cache miss)
2040 http fetch GET 200 https://registry.npmjs.org/source-list-map/-/source-list-map-2.0.1.tgz 168ms (cache miss)
2041 http fetch GET 200 https://registry.npmjs.org/pinkie-promise/-/pinkie-promise-2.0.1.tgz 165ms (cache miss)
2042 http fetch GET 200 https://registry.npmjs.org/tr46/-/tr46-1.0.1.tgz 173ms (cache miss)
2043 http fetch GET 200 https://registry.npmjs.org/whatwg-url/-/whatwg-url-7.1.0.tgz 177ms (cache miss)
2044 http fetch GET 200 https://registry.npmjs.org/ajv-formats/-/ajv-formats-2.1.1.tgz 175ms (cache miss)
2045 http fetch GET 200 https://registry.npmjs.org/array-uniq/-/array-uniq-1.0.3.tgz 178ms (cache miss)
2046 http fetch GET 200 https://registry.npmjs.org/crypto-random-string/-/crypto-random-string-2.0.0.tgz 184ms (cache miss)
2047 http fetch GET 200 https://registry.npmjs.org/is-stream/-/is-stream-2.0.1.tgz 190ms (cache miss)
2048 http fetch GET 200 https://registry.npmjs.org/unicode-property-aliases-ecmascript/-/unicode-property-aliases-ecmascript-2.2.0.tgz 192ms (cache miss)
2049 http fetch GET 200 https://registry.npmjs.org/unique-string/-/unique-string-2.0.0.tgz 194ms (cache miss)
2050 http fetch GET 200 https://registry.npmjs.org/temp-dir/-/temp-dir-2.0.0.tgz 208ms (cache miss)
2051 http fetch GET 200 https://registry.npmjs.org/sourcemap-codec/-/sourcemap-codec-1.4.8.tgz 209ms (cache miss)
2052 http fetch GET 200 https://registry.npmjs.org/is-obj/-/is-obj-1.0.1.tgz 208ms (cache miss)
2053 http fetch GET 200 https://registry.npmjs.org/fast-uri/-/fast-uri-3.1.0.tgz 213ms (cache miss)
2054 http fetch GET 200 https://registry.npmjs.org/unicode-canonical-property-names-ecmascript/-/unicode-canonical-property-names-ecmascript-2.0.1.tgz 212ms (cache miss)
2055 warn deprecated sourcemap-codec@1.4.8: Please use @jridgewell/sourcemap-codec instead
2056 http fetch GET 200 https://registry.npmjs.org/unicode-match-property-ecmascript/-/unicode-match-property-ecmascript-2.0.0.tgz 210ms (cache miss)
2057 http fetch GET 200 https://registry.npmjs.org/get-own-enumerable-property-symbols/-/get-own-enumerable-property-symbols-3.0.2.tgz 212ms (cache miss)
2058 http fetch GET 200 https://registry.npmjs.org/unicode-match-property-value-ecmascript/-/unicode-match-property-value-ecmascript-2.2.1.tgz 214ms (cache miss)
2059 http fetch GET 200 https://registry.npmjs.org/is-regexp/-/is-regexp-1.0.0.tgz 214ms (cache miss)
2060 http fetch GET 200 https://registry.npmjs.org/regjsparser/-/regjsparser-0.13.0.tgz 218ms (cache miss)
2061 http fetch GET 200 https://registry.npmjs.org/regjsgen/-/regjsgen-0.8.0.tgz 235ms (cache miss)
2062 http fetch GET 200 https://registry.npmjs.org/type-fest/-/type-fest-0.16.0.tgz 239ms (cache miss)
2063 http fetch GET 200 https://registry.npmjs.org/filelist/-/filelist-1.0.4.tgz 246ms (cache miss)
2064 http fetch GET 200 https://registry.npmjs.org/universalify/-/universalify-2.0.1.tgz 254ms (cache miss)
2065 http fetch GET 200 https://registry.npmjs.org/regenerate/-/regenerate-1.4.2.tgz 268ms (cache miss)
2066 http fetch GET 200 https://registry.npmjs.org/lodash.debounce/-/lodash.debounce-4.0.8.tgz 269ms (cache miss)
2067 http fetch GET 200 https://registry.npmjs.org/jsonfile/-/jsonfile-6.2.0.tgz 271ms (cache miss)
2068 http fetch GET 200 https://registry.npmjs.org/is-module/-/is-module-1.0.0.tgz 272ms (cache miss)
2069 http fetch GET 200 https://registry.npmjs.org/estree-walker/-/estree-walker-1.0.1.tgz 274ms (cache miss)
2070 http fetch GET 200 https://registry.npmjs.org/deepmerge/-/deepmerge-4.3.1.tgz 279ms (cache miss)
2071 http fetch GET 200 https://registry.npmjs.org/ejs/-/ejs-3.1.10.tgz 280ms (cache miss)
2072 http fetch GET 200 https://registry.npmjs.org/at-least-node/-/at-least-node-1.0.0.tgz 294ms (cache miss)
2073 http fetch GET 200 https://registry.npmjs.org/builtin-modules/-/builtin-modules-3.3.0.tgz 304ms (cache miss)
2074 http fetch GET 200 https://registry.npmjs.org/@types/resolve/-/resolve-1.17.1.tgz 311ms (cache miss)
2075 http fetch GET 200 https://registry.npmjs.org/@babel/helper-optimise-call-expression/-/helper-optimise-call-expression-7.27.1.tgz 320ms (cache miss)
2076 http fetch GET 200 https://registry.npmjs.org/jake/-/jake-10.9.4.tgz 324ms (cache miss)
2077 http fetch GET 200 https://registry.npmjs.org/@rollup/pluginutils/-/pluginutils-3.1.0.tgz 323ms (cache miss)
2078 http fetch GET 200 https://registry.npmjs.org/@babel/helper-member-expression-to-functions/-/helper-member-expression-to-functions-7.28.5.tgz 328ms (cache miss)
2079 http fetch GET 200 https://registry.npmjs.org/@babel/helper-define-polyfill-provider/-/helper-define-polyfill-provider-0.6.6.tgz 331ms (cache miss)
2080 http fetch GET 200 https://registry.npmjs.org/@babel/helper-replace-supers/-/helper-replace-supers-7.28.6.tgz 332ms (cache miss)
2081 http fetch GET 200 https://registry.npmjs.org/@babel/helper-remap-async-to-generator/-/helper-remap-async-to-generator-7.27.1.tgz 341ms (cache miss)
2082 http fetch GET 200 https://registry.npmjs.org/@babel/helper-annotate-as-pure/-/helper-annotate-as-pure-7.27.3.tgz 344ms (cache miss)
2083 http fetch GET 200 https://registry.npmjs.org/@babel/helper-wrap-function/-/helper-wrap-function-7.28.6.tgz 345ms (cache miss)
2084 http fetch GET 200 https://registry.npmjs.org/regexpu-core/-/regexpu-core-6.4.0.tgz 349ms (cache miss)
2085 http fetch GET 200 https://registry.npmjs.org/@babel/helper-create-regexp-features-plugin/-/helper-create-regexp-features-plugin-7.28.5.tgz 356ms (cache miss)
2086 http fetch GET 200 https://registry.npmjs.org/@babel/helper-skip-transparent-expression-wrappers/-/helper-skip-transparent-expression-wrappers-7.27.1.tgz 358ms (cache miss)
2087 http fetch GET 200 https://registry.npmjs.org/@babel/helper-create-class-features-plugin/-/helper-create-class-features-plugin-7.28.6.tgz 361ms (cache miss)
2088 http fetch GET 200 https://registry.npmjs.org/@babel/preset-modules/-/preset-modules-0.1.6-no-external-plugins.tgz 369ms (cache miss)
2089 http fetch GET 200 https://registry.npmjs.org/@babel/plugin-transform-unicode-regex/-/plugin-transform-unicode-regex-7.27.1.tgz 375ms (cache miss)
2090 http fetch GET 200 https://registry.npmjs.org/core-js-compat/-/core-js-compat-3.48.0.tgz 377ms (cache miss)
2091 http fetch GET 200 https://registry.npmjs.org/@babel/plugin-transform-unicode-sets-regex/-/plugin-transform-unicode-sets-regex-7.28.6.tgz 377ms (cache miss)
2092 http fetch GET 200 https://registry.npmjs.org/@babel/plugin-transform-unicode-property-regex/-/plugin-transform-unicode-property-regex-7.28.6.tgz 382ms (cache miss)
2093 http fetch GET 200 https://registry.npmjs.org/@babel/plugin-transform-typeof-symbol/-/plugin-transform-typeof-symbol-7.27.1.tgz 392ms (cache miss)
2094 http fetch GET 200 https://registry.npmjs.org/@babel/plugin-transform-unicode-escapes/-/plugin-transform-unicode-escapes-7.27.1.tgz 397ms (cache miss)
2095 http fetch GET 200 https://registry.npmjs.org/babel-plugin-polyfill-regenerator/-/babel-plugin-polyfill-regenerator-0.6.6.tgz 398ms (cache miss)
2096 http fetch GET 200 https://registry.npmjs.org/@babel/plugin-transform-template-literals/-/plugin-transform-template-literals-7.27.1.tgz 400ms (cache miss)
2097 http fetch GET 200 https://registry.npmjs.org/@babel/plugin-transform-spread/-/plugin-transform-spread-7.28.6.tgz 406ms (cache miss)
2098 http fetch GET 200 https://registry.npmjs.org/babel-plugin-polyfill-corejs3/-/babel-plugin-polyfill-corejs3-0.13.0.tgz 413ms (cache miss)
2099 http fetch GET 200 https://registry.npmjs.org/babel-plugin-polyfill-corejs2/-/babel-plugin-polyfill-corejs2-0.4.15.tgz 415ms (cache miss)
2100 http fetch GET 200 https://registry.npmjs.org/@babel/plugin-transform-shorthand-properties/-/plugin-transform-shorthand-properties-7.27.1.tgz 416ms (cache miss)
2101 http fetch GET 200 https://registry.npmjs.org/async/-/async-3.2.6.tgz 427ms (cache miss)
2102 http fetch GET 200 https://registry.npmjs.org/@babel/plugin-transform-regexp-modifiers/-/plugin-transform-regexp-modifiers-7.28.6.tgz 426ms (cache miss)
2103 http fetch GET 200 https://registry.npmjs.org/@babel/plugin-transform-reserved-words/-/plugin-transform-reserved-words-7.27.1.tgz 432ms (cache miss)
2104 http fetch GET 200 https://registry.npmjs.org/@babel/plugin-transform-sticky-regex/-/plugin-transform-sticky-regex-7.27.1.tgz 436ms (cache miss)
2105 http fetch GET 200 https://registry.npmjs.org/@babel/plugin-transform-property-literals/-/plugin-transform-property-literals-7.27.1.tgz 440ms (cache miss)
2106 http fetch GET 200 https://registry.npmjs.org/@babel/plugin-transform-private-property-in-object/-/plugin-transform-private-property-in-object-7.28.6.tgz 444ms (cache miss)
2107 http fetch GET 200 https://registry.npmjs.org/@babel/plugin-transform-private-methods/-/plugin-transform-private-methods-7.28.6.tgz 449ms (cache miss)
2108 http fetch GET 200 https://registry.npmjs.org/@babel/plugin-transform-regenerator/-/plugin-transform-regenerator-7.28.6.tgz 454ms (cache miss)
2109 http fetch GET 200 https://registry.npmjs.org/@babel/plugin-transform-optional-chaining/-/plugin-transform-optional-chaining-7.28.6.tgz 464ms (cache miss)
2110 http fetch GET 200 https://registry.npmjs.org/@babel/plugin-transform-new-target/-/plugin-transform-new-target-7.27.1.tgz 464ms (cache miss)
2111 http fetch GET 200 https://registry.npmjs.org/@babel/plugin-transform-numeric-separator/-/plugin-transform-numeric-separator-7.28.6.tgz 465ms (cache miss)
2112 http fetch GET 200 https://registry.npmjs.org/@babel/plugin-transform-parameters/-/plugin-transform-parameters-7.27.7.tgz 472ms (cache miss)
2113 http fetch GET 200 https://registry.npmjs.org/@babel/plugin-transform-object-super/-/plugin-transform-object-super-7.27.1.tgz 476ms (cache miss)
2114 http fetch GET 200 https://registry.npmjs.org/@babel/plugin-transform-modules-commonjs/-/plugin-transform-modules-commonjs-7.28.6.tgz 485ms (cache miss)
2115 http fetch GET 200 https://registry.npmjs.org/@babel/plugin-transform-object-rest-spread/-/plugin-transform-object-rest-spread-7.28.6.tgz 486ms (cache miss)
2116 http fetch GET 200 https://registry.npmjs.org/@babel/plugin-transform-optional-catch-binding/-/plugin-transform-optional-catch-binding-7.28.6.tgz 492ms (cache miss)
2117 http fetch GET 200 https://registry.npmjs.org/@babel/plugin-transform-named-capturing-groups-regex/-/plugin-transform-named-capturing-groups-regex-7.27.1.tgz 493ms (cache miss)
2118 http fetch GET 200 https://registry.npmjs.org/@babel/plugin-transform-modules-amd/-/plugin-transform-modules-amd-7.27.1.tgz 502ms (cache miss)
2119 http fetch GET 200 https://registry.npmjs.org/@babel/plugin-transform-modules-systemjs/-/plugin-transform-modules-systemjs-7.28.5.tgz 502ms (cache miss)
2120 http fetch GET 200 https://registry.npmjs.org/@babel/plugin-transform-member-expression-literals/-/plugin-transform-member-expression-literals-7.27.1.tgz 506ms (cache miss)
2121 http fetch GET 200 https://registry.npmjs.org/@babel/plugin-transform-modules-umd/-/plugin-transform-modules-umd-7.27.1.tgz 506ms (cache miss)
2122 http fetch GET 200 https://registry.npmjs.org/@babel/plugin-transform-logical-assignment-operators/-/plugin-transform-logical-assignment-operators-7.28.6.tgz 507ms (cache miss)
2123 http fetch GET 200 https://registry.npmjs.org/@babel/plugin-transform-literals/-/plugin-transform-literals-7.27.1.tgz 511ms (cache miss)
2124 http fetch GET 200 https://registry.npmjs.org/@babel/plugin-transform-for-of/-/plugin-transform-for-of-7.27.1.tgz 526ms (cache miss)
2125 http fetch GET 200 https://registry.npmjs.org/@babel/plugin-transform-export-namespace-from/-/plugin-transform-export-namespace-from-7.27.1.tgz 527ms (cache miss)
2126 http fetch GET 200 https://registry.npmjs.org/@babel/plugin-transform-function-name/-/plugin-transform-function-name-7.27.1.tgz 529ms (cache miss)
2127 http fetch GET 200 https://registry.npmjs.org/@babel/plugin-transform-nullish-coalescing-operator/-/plugin-transform-nullish-coalescing-operator-7.28.6.tgz 532ms (cache miss)
2128 http fetch GET 200 https://registry.npmjs.org/@babel/plugin-transform-exponentiation-operator/-/plugin-transform-exponentiation-operator-7.28.6.tgz 549ms (cache miss)
2129 http fetch GET 200 https://registry.npmjs.org/@babel/plugin-transform-json-strings/-/plugin-transform-json-strings-7.28.6.tgz 552ms (cache miss)
2130 http fetch GET 200 https://registry.npmjs.org/@babel/plugin-transform-duplicate-keys/-/plugin-transform-duplicate-keys-7.27.1.tgz 561ms (cache miss)
2131 http fetch GET 200 https://registry.npmjs.org/@babel/plugin-transform-dynamic-import/-/plugin-transform-dynamic-import-7.27.1.tgz 564ms (cache miss)
2132 http fetch GET 200 https://registry.npmjs.org/@babel/plugin-transform-dotall-regex/-/plugin-transform-dotall-regex-7.28.6.tgz 570ms (cache miss)
2133 http fetch GET 200 https://registry.npmjs.org/@babel/plugin-transform-explicit-resource-management/-/plugin-transform-explicit-resource-management-7.28.6.tgz 572ms (cache miss)
2134 http fetch GET 200 https://registry.npmjs.org/@babel/plugin-transform-duplicate-named-capturing-groups-regex/-/plugin-transform-duplicate-named-capturing-groups-regex-7.28.6.tgz 576ms (cache miss)
2135 http fetch GET 200 https://registry.npmjs.org/@babel/plugin-transform-class-properties/-/plugin-transform-class-properties-7.28.6.tgz 577ms (cache miss)
2136 http fetch GET 200 https://registry.npmjs.org/@babel/plugin-transform-classes/-/plugin-transform-classes-7.28.6.tgz 585ms (cache miss)
2137 http fetch GET 200 https://registry.npmjs.org/@babel/plugin-transform-computed-properties/-/plugin-transform-computed-properties-7.28.6.tgz 588ms (cache miss)
2138 http fetch GET 200 https://registry.npmjs.org/@babel/plugin-transform-destructuring/-/plugin-transform-destructuring-7.28.5.tgz 592ms (cache miss)
2139 http fetch GET 200 https://registry.npmjs.org/@babel/plugin-transform-class-static-block/-/plugin-transform-class-static-block-7.28.6.tgz 592ms (cache miss)
2140 http fetch GET 200 https://registry.npmjs.org/@babel/plugin-transform-block-scoped-functions/-/plugin-transform-block-scoped-functions-7.27.1.tgz 602ms (cache miss)
2141 http fetch GET 200 https://registry.npmjs.org/@babel/plugin-transform-block-scoping/-/plugin-transform-block-scoping-7.28.6.tgz 604ms (cache miss)
2142 http fetch GET 200 https://registry.npmjs.org/@babel/plugin-transform-async-to-generator/-/plugin-transform-async-to-generator-7.28.6.tgz 613ms (cache miss)
2143 http fetch GET 200 https://registry.npmjs.org/@babel/plugin-syntax-unicode-sets-regex/-/plugin-syntax-unicode-sets-regex-7.18.6.tgz 624ms (cache miss)
2144 http fetch GET 200 https://registry.npmjs.org/@babel/plugin-proposal-private-property-in-object/-/plugin-proposal-private-property-in-object-7.21.0-placeholder-for-preset-env.2.tgz 637ms (cache miss)
2145 http fetch GET 200 https://registry.npmjs.org/@babel/plugin-transform-async-generator-functions/-/plugin-transform-async-generator-functions-7.28.6.tgz 639ms (cache miss)
2146 http fetch GET 200 https://registry.npmjs.org/@babel/plugin-bugfix-v8-static-class-fields-redefine-readonly/-/plugin-bugfix-v8-static-class-fields-redefine-readonly-7.28.6.tgz 645ms (cache miss)
2147 http fetch GET 200 https://registry.npmjs.org/@babel/plugin-bugfix-safari-class-field-initializer-scope/-/plugin-bugfix-safari-class-field-initializer-scope-7.27.1.tgz 646ms (cache miss)
2148 http fetch GET 200 https://registry.npmjs.org/@babel/plugin-bugfix-v8-spread-parameters-in-optional-chaining/-/plugin-bugfix-v8-spread-parameters-in-optional-chaining-7.27.1.tgz 646ms (cache miss)
2149 http fetch GET 200 https://registry.npmjs.org/@babel/plugin-syntax-import-attributes/-/plugin-syntax-import-attributes-7.28.6.tgz 651ms (cache miss)
2150 http fetch GET 200 https://registry.npmjs.org/@babel/plugin-bugfix-firefox-class-in-computed-class-key/-/plugin-bugfix-firefox-class-in-computed-class-key-7.28.5.tgz 652ms (cache miss)
2151 http fetch GET 200 https://registry.npmjs.org/@babel/plugin-bugfix-safari-id-destructuring-collision-in-function-expression/-/plugin-bugfix-safari-id-destructuring-collision-in-function-expression-7.27.1.tgz 654ms (cache miss)
2152 http fetch GET 200 https://registry.npmjs.org/workbox-sw/-/workbox-sw-6.6.0.tgz 664ms (cache miss)
2153 http fetch GET 200 https://registry.npmjs.org/@babel/plugin-transform-arrow-functions/-/plugin-transform-arrow-functions-7.27.1.tgz 667ms (cache miss)
2154 http fetch GET 200 https://registry.npmjs.org/@babel/helper-plugin-utils/-/helper-plugin-utils-7.28.6.tgz 666ms (cache miss)
2155 http fetch GET 200 https://registry.npmjs.org/@babel/plugin-syntax-import-assertions/-/plugin-syntax-import-assertions-7.28.6.tgz 669ms (cache miss)
2156 http fetch GET 200 https://registry.npmjs.org/regenerate-unicode-properties/-/regenerate-unicode-properties-10.2.2.tgz 696ms (cache miss)
2157 http fetch GET 200 https://registry.npmjs.org/workbox-streams/-/workbox-streams-6.6.0.tgz 693ms (cache miss)
2158 http fetch GET 200 https://registry.npmjs.org/tempy/-/tempy-0.6.0.tgz 729ms (cache miss)
2159 http fetch GET 200 https://registry.npmjs.org/strip-comments/-/strip-comments-2.0.1.tgz 731ms (cache miss)
2160 http fetch GET 200 https://registry.npmjs.org/rollup-plugin-terser/-/rollup-plugin-terser-7.0.2.tgz 731ms (cache miss)
2161 warn deprecated rollup-plugin-terser@7.0.2: This package has been deprecated and is no longer maintained. Please use @rollup/plugin-terser
2162 http fetch GET 200 https://registry.npmjs.org/workbox-range-requests/-/workbox-range-requests-6.6.0.tgz 752ms (cache miss)
2163 http fetch GET 200 https://registry.npmjs.org/stringify-object/-/stringify-object-3.3.0.tgz 756ms (cache miss)
2164 http fetch GET 200 https://registry.npmjs.org/workbox-google-analytics/-/workbox-google-analytics-6.6.0.tgz 770ms (cache miss)
2165 warn deprecated workbox-google-analytics@6.6.0: It is not compatible with newer versions of GA starting with v4, as long as you are using GAv3 it should be ok, but the package is not longer being maintained
2166 http fetch GET 200 https://registry.npmjs.org/workbox-strategies/-/workbox-strategies-6.6.0.tgz 775ms (cache miss)
2167 http fetch GET 200 https://registry.npmjs.org/workbox-navigation-preload/-/workbox-navigation-preload-6.6.0.tgz 813ms (cache miss)
2168 http fetch GET 200 https://registry.npmjs.org/@webassemblyjs/utf8/-/utf8-1.13.2.tgz 841ms (cache miss)
2169 http fetch GET 200 https://registry.npmjs.org/workbox-routing/-/workbox-routing-6.6.0.tgz 847ms (cache miss)
2170 http fetch GET 200 https://registry.npmjs.org/workbox-cacheable-response/-/workbox-cacheable-response-6.6.0.tgz 850ms (cache miss)
2171 http fetch GET 200 https://registry.npmjs.org/pretty-bytes/-/pretty-bytes-5.6.0.tgz 846ms (cache miss)
2172 warn deprecated workbox-cacheable-response@6.6.0: workbox-background-sync@6.6.0
2173 http fetch GET 200 https://registry.npmjs.org/@xtuc/ieee754/-/ieee754-1.2.0.tgz 848ms (cache miss)
2174 http fetch GET 200 https://registry.npmjs.org/upath/-/upath-1.2.0.tgz 849ms (cache miss)
2175 http fetch GET 200 https://registry.npmjs.org/@webassemblyjs/leb128/-/leb128-1.13.2.tgz 853ms (cache miss)
2176 http fetch GET 200 https://registry.npmjs.org/workbox-recipes/-/workbox-recipes-6.6.0.tgz 860ms (cache miss)
2177 http fetch GET 200 https://registry.npmjs.org/@rollup/plugin-replace/-/plugin-replace-2.4.2.tgz 861ms (cache miss)
2178 http fetch GET 200 https://registry.npmjs.org/@webassemblyjs/ieee754/-/ieee754-1.13.2.tgz 863ms (cache miss)
2179 http fetch GET 200 https://registry.npmjs.org/@webassemblyjs/wast-printer/-/wast-printer-1.14.1.tgz 865ms (cache miss)
2180 http fetch GET 200 https://registry.npmjs.org/@webassemblyjs/wasm-opt/-/wasm-opt-1.14.1.tgz 866ms (cache miss)
2181 http fetch GET 200 https://registry.npmjs.org/@rollup/plugin-babel/-/plugin-babel-5.3.1.tgz 868ms (cache miss)
2182 http fetch GET 200 https://registry.npmjs.org/@rollup/plugin-node-resolve/-/plugin-node-resolve-11.2.1.tgz 870ms (cache miss)
2183 http fetch GET 200 https://registry.npmjs.org/@webassemblyjs/helper-wasm-section/-/helper-wasm-section-1.14.1.tgz 874ms (cache miss)
2184 http fetch GET 200 https://registry.npmjs.org/workbox-expiration/-/workbox-expiration-6.6.0.tgz 882ms (cache miss)
2185 http fetch GET 200 https://registry.npmjs.org/workbox-broadcast-update/-/workbox-broadcast-update-6.6.0.tgz 887ms (cache miss)
2186 http fetch GET 200 https://registry.npmjs.org/@webassemblyjs/helper-buffer/-/helper-buffer-1.14.1.tgz 888ms (cache miss)
2187 http fetch GET 200 https://registry.npmjs.org/@webassemblyjs/wasm-gen/-/wasm-gen-1.14.1.tgz 888ms (cache miss)
2188 http fetch GET 200 https://registry.npmjs.org/@webassemblyjs/floating-point-hex-parser/-/floating-point-hex-parser-1.13.2.tgz 896ms (cache miss)
2189 http fetch GET 200 https://registry.npmjs.org/@webassemblyjs/helper-api-error/-/helper-api-error-1.13.2.tgz 901ms (cache miss)
2190 http fetch GET 200 https://registry.npmjs.org/@xtuc/long/-/long-4.2.2.tgz 903ms (cache miss)
2191 http fetch GET 200 https://registry.npmjs.org/@webassemblyjs/helper-numbers/-/helper-numbers-1.13.2.tgz 911ms (cache miss)
2192 http fetch GET 200 https://registry.npmjs.org/loader-runner/-/loader-runner-4.3.1.tgz 917ms (cache miss)
2193 http fetch GET 200 https://registry.npmjs.org/@webassemblyjs/helper-wasm-bytecode/-/helper-wasm-bytecode-1.13.2.tgz 921ms (cache miss)
2194 http fetch GET 200 https://registry.npmjs.org/workbox-background-sync/-/workbox-background-sync-6.6.0.tgz 943ms (cache miss)
2195 http fetch GET 200 https://registry.npmjs.org/chrome-trace-event/-/chrome-trace-event-1.0.4.tgz 937ms (cache miss)
2196 http fetch GET 200 https://registry.npmjs.org/glob-to-regexp/-/glob-to-regexp-0.4.1.tgz 938ms (cache miss)
2197 http fetch GET 200 https://registry.npmjs.org/@types/eslint/-/eslint-9.6.1.tgz 940ms (cache miss)
2198 http fetch GET 200 https://registry.npmjs.org/json-parse-even-better-errors/-/json-parse-even-better-errors-2.3.1.tgz 940ms (cache miss)
2199 http fetch GET 200 https://registry.npmjs.org/watchpack/-/watchpack-2.5.1.tgz 947ms (cache miss)
2200 http fetch GET 200 https://registry.npmjs.org/@types/eslint-scope/-/eslint-scope-3.7.7.tgz 949ms (cache miss)
2201 http fetch GET 200 https://registry.npmjs.org/es-module-lexer/-/es-module-lexer-2.0.0.tgz 953ms (cache miss)
2202 http fetch GET 200 https://registry.npmjs.org/acorn-import-phases/-/acorn-import-phases-1.0.4.tgz 952ms (cache miss)
2203 http fetch GET 200 https://registry.npmjs.org/fs-extra/-/fs-extra-9.1.0.tgz 968ms (cache miss)
2204 http fetch GET 200 https://registry.npmjs.org/buffer-from/-/buffer-from-1.1.2.tgz 991ms (cache miss)
2205 http fetch GET 200 https://registry.npmjs.org/@webassemblyjs/wasm-edit/-/wasm-edit-1.14.1.tgz 993ms (cache miss)
2206 http fetch GET 200 https://registry.npmjs.org/commander/-/commander-2.20.3.tgz 997ms (cache miss)
2207 http fetch GET 200 https://registry.npmjs.org/randombytes/-/randombytes-2.1.0.tgz 997ms (cache miss)
2208 http fetch GET 200 https://registry.npmjs.org/@jridgewell/source-map/-/source-map-0.3.11.tgz 1003ms (cache miss)
2209 http fetch GET 200 https://registry.npmjs.org/merge-stream/-/merge-stream-2.0.0.tgz 1001ms (cache miss)
2210 http fetch GET 200 https://registry.npmjs.org/source-map-support/-/source-map-support-0.5.21.tgz 1003ms (cache miss)
2211 http fetch GET 200 https://registry.npmjs.org/@babel/preset-env/-/preset-env-7.28.6.tgz 1012ms (cache miss)
2212 http fetch GET 200 https://registry.npmjs.org/wrappy/-/wrappy-1.0.2.tgz 1003ms (cache miss)
2213 http fetch GET 200 https://registry.npmjs.org/path-is-absolute/-/path-is-absolute-1.0.1.tgz 1011ms (cache miss)
2214 http fetch GET 200 https://registry.npmjs.org/serialize-javascript/-/serialize-javascript-6.0.2.tgz 1013ms (cache miss)
2215 http fetch GET 200 https://registry.npmjs.org/events/-/events-3.3.0.tgz 1022ms (cache miss)
2216 http fetch GET 200 https://registry.npmjs.org/source-map/-/source-map-0.6.1.tgz 1039ms (cache miss)
2217 http fetch GET 200 https://registry.npmjs.org/webpack-sources/-/webpack-sources-3.3.3.tgz 1045ms (cache miss)
2218 http fetch GET 200 https://registry.npmjs.org/glob/-/glob-7.2.3.tgz 1041ms (cache miss)
2219 http fetch GET 200 https://registry.npmjs.org/is-path-inside/-/is-path-inside-2.1.0.tgz 1051ms (cache miss)
2220 http fetch GET 200 https://registry.npmjs.org/fs.realpath/-/fs.realpath-1.0.0.tgz 1053ms (cache miss)
2221 warn deprecated glob@7.2.3: Glob versions prior to v9 are no longer supported
2222 http fetch GET 200 https://registry.npmjs.org/path-is-inside/-/path-is-inside-1.0.2.tgz 1055ms (cache miss)
2223 http fetch GET 200 https://registry.npmjs.org/path-type/-/path-type-4.0.0.tgz 1062ms (cache miss)
2224 http fetch GET 200 https://registry.npmjs.org/once/-/once-1.4.0.tgz 1065ms (cache miss)
2225 http fetch GET 200 https://registry.npmjs.org/emojis-list/-/emojis-list-3.0.0.tgz 1066ms (cache miss)
2226 http fetch GET 200 https://registry.npmjs.org/dir-glob/-/dir-glob-3.0.1.tgz 1067ms (cache miss)
2227 http fetch GET 200 https://registry.npmjs.org/slash/-/slash-3.0.0.tgz 1070ms (cache miss)
2228 http fetch GET 200 https://registry.npmjs.org/inflight/-/inflight-1.0.6.tgz 1074ms (cache miss)
2229 warn deprecated inflight@1.0.6: This module is not supported, and leaks memory. Do not use it. Check out lru-cache if you want a good and tested way to coalesce async requests by a key value, which is much more comprehensive and powerful.
2230 http fetch GET 200 https://registry.npmjs.org/array-union/-/array-union-2.1.0.tgz 1078ms (cache miss)
2231 http fetch GET 200 https://registry.npmjs.org/big.js/-/big.js-5.2.2.tgz 1083ms (cache miss)
2232 http fetch GET 200 https://registry.npmjs.org/workbox-precaching/-/workbox-precaching-6.6.0.tgz 1099ms (cache miss)
2233 http fetch GET 200 https://registry.npmjs.org/jest-worker/-/jest-worker-27.5.1.tgz 1098ms (cache miss)
2234 http fetch GET 200 https://registry.npmjs.org/pkg-dir/-/pkg-dir-4.2.0.tgz 1097ms (cache miss)
2235 http fetch GET 200 https://registry.npmjs.org/commondir/-/commondir-1.0.1.tgz 1109ms (cache miss)
2236 http fetch GET 200 https://registry.npmjs.org/@webassemblyjs/ast/-/ast-1.14.1.tgz 1122ms (cache miss)
2237 http fetch GET 200 https://registry.npmjs.org/@types/minimatch/-/minimatch-5.1.2.tgz 1120ms (cache miss)
2238 http fetch GET 200 https://registry.npmjs.org/pify/-/pify-4.0.1.tgz 1122ms (cache miss)
2239 http fetch GET 200 https://registry.npmjs.org/@types/glob/-/glob-7.2.0.tgz 1125ms (cache miss)
2240 http fetch GET 200 https://registry.npmjs.org/is-path-in-cwd/-/is-path-in-cwd-2.1.0.tgz 1124ms (cache miss)
2241 http fetch GET 200 https://registry.npmjs.org/is-path-cwd/-/is-path-cwd-2.2.0.tgz 1130ms (cache miss)
2242 http fetch GET 200 https://registry.npmjs.org/find-cache-dir/-/find-cache-dir-3.3.2.tgz 1131ms (cache miss)
2243 http fetch GET 200 https://registry.npmjs.org/make-dir/-/make-dir-3.1.0.tgz 1132ms (cache miss)
2244 http fetch GET 200 https://registry.npmjs.org/loader-utils/-/loader-utils-2.0.4.tgz 1133ms (cache miss)
2245 http fetch GET 200 https://registry.npmjs.org/rimraf/-/rimraf-2.7.1.tgz 1137ms (cache miss)
2246 http fetch GET 200 https://registry.npmjs.org/p-map/-/p-map-2.1.0.tgz 1137ms (cache miss)
2247 http fetch GET 200 https://registry.npmjs.org/rollup/-/rollup-2.79.2.tgz 1154ms (cache miss)
2248 warn deprecated rimraf@2.7.1: Rimraf versions prior to v4 are no longer supported
2249 http fetch GET 200 https://registry.npmjs.org/del/-/del-4.1.1.tgz 1139ms (cache miss)
2250 http fetch GET 200 https://registry.npmjs.org/ajv-keywords/-/ajv-keywords-3.5.2.tgz 1160ms (cache miss)
2251 http fetch GET 200 https://registry.npmjs.org/schema-utils/-/schema-utils-2.7.1.tgz 1163ms (cache miss)
2252 http fetch GET 200 https://registry.npmjs.org/clean-webpack-plugin/-/clean-webpack-plugin-4.0.0.tgz 1186ms (cache miss)
2253 http fetch GET 200 https://registry.npmjs.org/neo-async/-/neo-async-2.6.2.tgz 1201ms (cache miss)
2254 http fetch GET 200 https://registry.npmjs.org/next-pwa/-/next-pwa-5.6.0.tgz 1193ms (cache miss)
2255 http fetch GET 200 https://registry.npmjs.org/globby/-/globby-11.1.0.tgz 1197ms (cache miss)
2256 http fetch GET 200 https://registry.npmjs.org/json-schema-traverse/-/json-schema-traverse-1.0.0.tgz 1197ms (cache miss)
2257 http fetch GET 200 https://registry.npmjs.org/minimatch/-/minimatch-5.1.6.tgz 1197ms (cache miss)
2258 http fetch GET 200 https://registry.npmjs.org/brace-expansion/-/brace-expansion-2.0.2.tgz 1203ms (cache miss)
2259 http fetch GET 200 https://registry.npmjs.org/terser-webpack-plugin/-/terser-webpack-plugin-5.3.16.tgz 1214ms (cache miss)
2260 http fetch GET 200 https://registry.npmjs.org/babel-loader/-/babel-loader-8.4.1.tgz 1214ms (cache miss)
2261 http fetch GET 200 https://registry.npmjs.org/terser/-/terser-5.46.0.tgz 1231ms (cache miss)
2262 http fetch GET 200 https://registry.npmjs.org/@types/estree/-/estree-0.0.39.tgz 1225ms (cache miss)
2263 http fetch GET 200 https://registry.npmjs.org/jest-worker/-/jest-worker-26.6.2.tgz 1235ms (cache miss)
2264 http fetch GET 200 https://registry.npmjs.org/json-schema-traverse/-/json-schema-traverse-1.0.0.tgz 1240ms (cache miss)
2265 http fetch GET 200 https://registry.npmjs.org/serialize-javascript/-/serialize-javascript-4.0.0.tgz 1241ms (cache miss)
2266 http fetch GET 200 https://registry.npmjs.org/supports-color/-/supports-color-8.1.1.tgz 1246ms (cache miss)
2267 http fetch GET 200 https://registry.npmjs.org/@surma/rollup-plugin-off-main-thread/-/rollup-plugin-off-main-thread-2.2.3.tgz 1272ms (cache miss)
2268 http fetch GET 200 https://registry.npmjs.org/@webassemblyjs/wasm-parser/-/wasm-parser-1.14.1.tgz 1265ms (cache miss)
2269 http fetch GET 200 https://registry.npmjs.org/idb/-/idb-7.1.1.tgz 1257ms (cache miss)
2270 http fetch GET 200 https://registry.npmjs.org/array-union/-/array-union-1.0.2.tgz 1261ms (cache miss)
2271 http fetch GET 200 https://registry.npmjs.org/globby/-/globby-6.1.0.tgz 1261ms (cache miss)
2272 http fetch GET 200 https://registry.npmjs.org/magic-string/-/magic-string-0.25.9.tgz 1271ms (cache miss)
2273 http fetch GET 200 https://registry.npmjs.org/@apideck/better-ajv-errors/-/better-ajv-errors-0.3.6.tgz 1270ms (cache miss)
2274 http fetch GET 200 https://registry.npmjs.org/workbox-webpack-plugin/-/workbox-webpack-plugin-6.6.0.tgz 1276ms (cache miss)
2275 http fetch GET 200 https://registry.npmjs.org/common-tags/-/common-tags-1.8.2.tgz 1294ms (cache miss)
2276 http fetch GET 200 https://registry.npmjs.org/workbox-core/-/workbox-core-6.6.0.tgz 1300ms (cache miss)
2277 http fetch GET 200 https://registry.npmjs.org/magic-string/-/magic-string-0.25.9.tgz 1279ms (cache miss)
2278 http fetch GET 200 https://registry.npmjs.org/pify/-/pify-2.3.0.tgz 1284ms (cache miss)
2279 http fetch GET 200 https://registry.npmjs.org/idb/-/idb-7.1.1.tgz 1290ms (cache miss)
2280 http fetch GET 200 https://registry.npmjs.org/locate-path/-/locate-path-5.0.0.tgz 1289ms (cache miss)
2281 http fetch GET 200 https://registry.npmjs.org/webpack-sources/-/webpack-sources-1.4.3.tgz 1291ms (cache miss)
2282 http fetch GET 200 https://registry.npmjs.org/p-locate/-/p-locate-4.1.0.tgz 1290ms (cache miss)
2283 http fetch GET 200 https://registry.npmjs.org/json-schema-traverse/-/json-schema-traverse-1.0.0.tgz 1302ms (cache miss)
2284 http fetch GET 200 https://registry.npmjs.org/find-up/-/find-up-4.1.0.tgz 1303ms (cache miss)
2285 http fetch GET 200 https://registry.npmjs.org/p-limit/-/p-limit-2.3.0.tgz 1312ms (cache miss)
2286 http fetch GET 200 https://registry.npmjs.org/source-map/-/source-map-0.8.0-beta.0.tgz 1323ms (cache miss)
2287 http fetch GET 200 https://registry.npmjs.org/workbox-window/-/workbox-window-6.6.0.tgz 1330ms (cache miss)
2288 warn deprecated source-map@0.8.0-beta.0: The work that was done in this beta branch won't be included in future versions
2289 http fetch GET 200 https://registry.npmjs.org/estraverse/-/estraverse-4.3.0.tgz 1332ms (cache miss)
2290 http fetch GET 200 https://registry.npmjs.org/json-schema-traverse/-/json-schema-traverse-1.0.0.tgz 1336ms (cache miss)
2291 http fetch GET 200 https://registry.npmjs.org/workbox-build/-/workbox-build-6.6.0.tgz 1369ms (cache miss)
2292 http fetch GET 200 https://registry.npmjs.org/eslint-scope/-/eslint-scope-5.1.1.tgz 1348ms (cache miss)
2293 http fetch GET 200 https://registry.npmjs.org/schema-utils/-/schema-utils-4.3.3.tgz 1368ms (cache miss)
2294 http fetch GET 200 https://registry.npmjs.org/schema-utils/-/schema-utils-4.3.3.tgz 1371ms (cache miss)
2295 http fetch GET 200 https://registry.npmjs.org/@babel/runtime/-/runtime-7.28.6.tgz 1552ms (cache miss)
2296 http fetch GET 200 https://registry.npmjs.org/ajv-keywords/-/ajv-keywords-5.1.0.tgz 1600ms (cache miss)
2297 http fetch GET 200 https://registry.npmjs.org/ajv-keywords/-/ajv-keywords-5.1.0.tgz 1611ms (cache miss)
2298 http fetch GET 200 https://registry.npmjs.org/ajv/-/ajv-8.17.1.tgz 2058ms (cache miss)
2299 http fetch GET 200 https://registry.npmjs.org/ajv/-/ajv-8.17.1.tgz 2071ms (cache miss)
2300 http fetch GET 200 https://registry.npmjs.org/ajv/-/ajv-8.17.1.tgz 2081ms (cache miss)
2301 http fetch GET 200 https://registry.npmjs.org/ajv/-/ajv-8.17.1.tgz 2087ms (cache miss)
2302 http fetch GET 200 https://registry.npmjs.org/lodash/-/lodash-4.17.23.tgz 2118ms (cache miss)
2303 http fetch GET 200 https://registry.npmjs.org/webpack/-/webpack-5.104.1.tgz 2278ms (cache miss)
2304 silly ADD node_modules/source-list-map
2305 silly ADD node_modules/webidl-conversions
2306 silly ADD node_modules/tr46
2307 silly ADD node_modules/lodash.sortby
2308 silly ADD node_modules/whatwg-url
2309 silly ADD node_modules/leven
2310 silly ADD node_modules/jsonpointer
2311 silly ADD node_modules/json-schema
2312 silly ADD node_modules/require-from-string
2313 silly ADD node_modules/fast-uri
2314 silly ADD node_modules/ajv-formats
2315 silly ADD node_modules/ajv-formats/node_modules/json-schema-traverse
2316 silly ADD node_modules/ajv-formats/node_modules/ajv
2317 silly ADD node_modules/p-try
2318 silly ADD node_modules/array-uniq
2319 silly ADD node_modules/pinkie
2320 silly ADD node_modules/pinkie-promise
2321 silly ADD node_modules/sourcemap-codec
2322 silly ADD node_modules/@types/trusted-types
2323 silly ADD node_modules/crypto-random-string
2324 silly ADD node_modules/unicode-property-aliases-ecmascript
2325 silly ADD node_modules/unicode-canonical-property-names-ecmascript
2326 silly ADD node_modules/unique-string
2327 silly ADD node_modules/type-fest
2328 silly ADD node_modules/temp-dir
2329 silly ADD node_modules/is-stream
2330 silly ADD node_modules/is-regexp
2331 silly ADD node_modules/is-obj
2332 silly ADD node_modules/get-own-enumerable-property-symbols
2333 silly ADD node_modules/unicode-match-property-value-ecmascript
2334 silly ADD node_modules/unicode-match-property-ecmascript
2335 silly ADD node_modules/regjsparser
2336 silly ADD node_modules/regjsgen
2337 silly ADD node_modules/regenerate-unicode-properties
2338 silly ADD node_modules/regenerate
2339 silly ADD node_modules/filelist
2340 silly ADD node_modules/filelist/node_modules/brace-expansion
2341 silly ADD node_modules/filelist/node_modules/minimatch
2342 silly ADD node_modules/async
2343 silly ADD node_modules/universalify
2344 silly ADD node_modules/jsonfile
2345 silly ADD node_modules/at-least-node
2346 silly ADD node_modules/jake
2347 silly ADD node_modules/lodash.debounce
2348 silly ADD node_modules/@babel/helper-define-polyfill-provider
2349 silly ADD node_modules/ejs
2350 silly ADD node_modules/estree-walker
2351 silly ADD node_modules/is-module
2352 silly ADD node_modules/deepmerge
2353 silly ADD node_modules/builtin-modules
2354 silly ADD node_modules/@types/resolve
2355 silly ADD node_modules/@rollup/pluginutils
2356 silly ADD node_modules/@rollup/pluginutils/node_modules/@types/estree
2357 silly ADD node_modules/@babel/helper-replace-supers
2358 silly ADD node_modules/@babel/helper-optimise-call-expression
2359 silly ADD node_modules/@babel/helper-member-expression-to-functions
2360 silly ADD node_modules/@babel/helper-create-class-features-plugin
2361 silly ADD node_modules/@babel/helper-wrap-function
2362 silly ADD node_modules/@babel/helper-remap-async-to-generator
2363 silly ADD node_modules/regexpu-core
2364 silly ADD node_modules/@babel/helper-annotate-as-pure
2365 silly ADD node_modules/@babel/helper-create-regexp-features-plugin
2366 silly ADD node_modules/@babel/helper-skip-transparent-expression-wrappers
2367 silly ADD node_modules/core-js-compat
2368 silly ADD node_modules/babel-plugin-polyfill-regenerator
2369 silly ADD node_modules/babel-plugin-polyfill-corejs3
2370 silly ADD node_modules/babel-plugin-polyfill-corejs2
2371 silly ADD node_modules/@babel/preset-modules
2372 silly ADD node_modules/@babel/plugin-transform-unicode-sets-regex
2373 silly ADD node_modules/@babel/plugin-transform-unicode-regex
2374 silly ADD node_modules/@babel/plugin-transform-unicode-property-regex
2375 silly ADD node_modules/@babel/plugin-transform-unicode-escapes
2376 silly ADD node_modules/@babel/plugin-transform-typeof-symbol
2377 silly ADD node_modules/@babel/plugin-transform-template-literals
2378 silly ADD node_modules/@babel/plugin-transform-sticky-regex
2379 silly ADD node_modules/@babel/plugin-transform-spread
2380 silly ADD node_modules/@babel/plugin-transform-shorthand-properties
2381 silly ADD node_modules/@babel/plugin-transform-reserved-words
2382 silly ADD node_modules/@babel/plugin-transform-regexp-modifiers
2383 silly ADD node_modules/@babel/plugin-transform-regenerator
2384 silly ADD node_modules/@babel/plugin-transform-property-literals
2385 silly ADD node_modules/@babel/plugin-transform-private-property-in-object
2386 silly ADD node_modules/@babel/plugin-transform-private-methods
2387 silly ADD node_modules/@babel/plugin-transform-parameters
2388 silly ADD node_modules/@babel/plugin-transform-optional-chaining
2389 silly ADD node_modules/@babel/plugin-transform-optional-catch-binding
2390 silly ADD node_modules/@babel/plugin-transform-object-super
2391 silly ADD node_modules/@babel/plugin-transform-object-rest-spread
2392 silly ADD node_modules/@babel/plugin-transform-numeric-separator
2393 silly ADD node_modules/@babel/plugin-transform-nullish-coalescing-operator
2394 silly ADD node_modules/@babel/plugin-transform-new-target
2395 silly ADD node_modules/@babel/plugin-transform-named-capturing-groups-regex
2396 silly ADD node_modules/@babel/plugin-transform-modules-umd
2397 silly ADD node_modules/@babel/plugin-transform-modules-systemjs
2398 silly ADD node_modules/@babel/plugin-transform-modules-commonjs
2399 silly ADD node_modules/@babel/plugin-transform-modules-amd
2400 silly ADD node_modules/@babel/plugin-transform-member-expression-literals
2401 silly ADD node_modules/@babel/plugin-transform-logical-assignment-operators
2402 silly ADD node_modules/@babel/plugin-transform-literals
2403 silly ADD node_modules/@babel/plugin-transform-json-strings
2404 silly ADD node_modules/@babel/plugin-transform-function-name
2405 silly ADD node_modules/@babel/plugin-transform-for-of
2406 silly ADD node_modules/@babel/plugin-transform-export-namespace-from
2407 silly ADD node_modules/@babel/plugin-transform-exponentiation-operator
2408 silly ADD node_modules/@babel/plugin-transform-explicit-resource-management
2409 silly ADD node_modules/@babel/plugin-transform-dynamic-import
2410 silly ADD node_modules/@babel/plugin-transform-duplicate-named-capturing-groups-regex
2411 silly ADD node_modules/@babel/plugin-transform-duplicate-keys
2412 silly ADD node_modules/@babel/plugin-transform-dotall-regex
2413 silly ADD node_modules/@babel/plugin-transform-destructuring
2414 silly ADD node_modules/@babel/plugin-transform-computed-properties
2415 silly ADD node_modules/@babel/plugin-transform-classes
2416 silly ADD node_modules/@babel/plugin-transform-class-static-block
2417 silly ADD node_modules/@babel/plugin-transform-class-properties
2418 silly ADD node_modules/@babel/plugin-transform-block-scoping
2419 silly ADD node_modules/@babel/plugin-transform-block-scoped-functions
2420 silly ADD node_modules/@babel/plugin-transform-async-to-generator
2421 silly ADD node_modules/@babel/plugin-transform-async-generator-functions
2422 silly ADD node_modules/@babel/plugin-transform-arrow-functions
2423 silly ADD node_modules/@babel/plugin-syntax-unicode-sets-regex
2424 silly ADD node_modules/@babel/plugin-syntax-import-attributes
2425 silly ADD node_modules/@babel/plugin-syntax-import-assertions
2426 silly ADD node_modules/@babel/plugin-proposal-private-property-in-object
2427 silly ADD node_modules/@babel/plugin-bugfix-v8-static-class-fields-redefine-readonly
2428 silly ADD node_modules/@babel/plugin-bugfix-v8-spread-parameters-in-optional-chaining
2429 silly ADD node_modules/@babel/plugin-bugfix-safari-id-destructuring-collision-in-function-expression
2430 silly ADD node_modules/@babel/plugin-bugfix-safari-class-field-initializer-scope
2431 silly ADD node_modules/@babel/plugin-bugfix-firefox-class-in-computed-class-key
2432 silly ADD node_modules/@babel/helper-plugin-utils
2433 silly ADD node_modules/workbox-sw
2434 silly ADD node_modules/workbox-streams
2435 silly ADD node_modules/workbox-strategies
2436 silly ADD node_modules/workbox-routing
2437 silly ADD node_modules/workbox-recipes
2438 silly ADD node_modules/workbox-range-requests
2439 silly ADD node_modules/workbox-precaching
2440 silly ADD node_modules/workbox-navigation-preload
2441 silly ADD node_modules/workbox-google-analytics
2442 silly ADD node_modules/workbox-expiration
2443 silly ADD node_modules/workbox-expiration/node_modules/idb
2444 silly ADD node_modules/workbox-core
2445 silly ADD node_modules/workbox-cacheable-response
2446 silly ADD node_modules/workbox-broadcast-update
2447 silly ADD node_modules/workbox-background-sync
2448 silly ADD node_modules/workbox-background-sync/node_modules/idb
2449 silly ADD node_modules/tempy
2450 silly ADD node_modules/strip-comments
2451 silly ADD node_modules/stringify-object
2452 silly ADD node_modules/rollup-plugin-terser
2453 silly ADD node_modules/rollup-plugin-terser/node_modules/serialize-javascript
2454 silly ADD node_modules/rollup-plugin-terser/node_modules/jest-worker
2455 silly ADD node_modules/lodash
2456 silly ADD node_modules/fs-extra
2457 silly ADD node_modules/common-tags
2458 silly ADD node_modules/@surma/rollup-plugin-off-main-thread
2459 silly ADD node_modules/@surma/rollup-plugin-off-main-thread/node_modules/magic-string
2460 silly ADD node_modules/@rollup/plugin-replace
2461 silly ADD node_modules/@rollup/plugin-replace/node_modules/magic-string
2462 silly ADD node_modules/@rollup/plugin-node-resolve
2463 silly ADD node_modules/rollup
2464 silly ADD node_modules/@rollup/plugin-babel
2465 silly ADD node_modules/@babel/runtime
2466 silly ADD node_modules/@babel/preset-env
2467 silly ADD node_modules/workbox-build
2468 silly ADD node_modules/workbox-build/node_modules/json-schema-traverse
2469 silly ADD node_modules/workbox-build/node_modules/source-map
2470 silly ADD node_modules/workbox-build/node_modules/ajv
2471 silly ADD node_modules/workbox-build/node_modules/@apideck/better-ajv-errors
2472 silly ADD node_modules/upath
2473 silly ADD node_modules/pretty-bytes
2474 silly ADD node_modules/@xtuc/ieee754
2475 silly ADD node_modules/@webassemblyjs/utf8
2476 silly ADD node_modules/@webassemblyjs/leb128
2477 silly ADD node_modules/@webassemblyjs/ieee754
2478 silly ADD node_modules/@webassemblyjs/wast-printer
2479 silly ADD node_modules/@webassemblyjs/wasm-opt
2480 silly ADD node_modules/@webassemblyjs/wasm-gen
2481 silly ADD node_modules/@webassemblyjs/helper-wasm-section
2482 silly ADD node_modules/@webassemblyjs/helper-buffer
2483 silly ADD node_modules/@xtuc/long
2484 silly ADD node_modules/@webassemblyjs/helper-api-error
2485 silly ADD node_modules/@webassemblyjs/floating-point-hex-parser
2486 silly ADD node_modules/@webassemblyjs/helper-wasm-bytecode
2487 silly ADD node_modules/@webassemblyjs/helper-numbers
2488 silly ADD node_modules/@types/eslint
2489 silly ADD node_modules/webpack-sources
2490 silly ADD node_modules/watchpack
2491 silly ADD node_modules/neo-async
2492 silly ADD node_modules/loader-runner
2493 silly ADD node_modules/json-parse-even-better-errors
2494 silly ADD node_modules/glob-to-regexp
2495 silly ADD node_modules/events
2496 silly ADD node_modules/es-module-lexer
2497 silly ADD node_modules/chrome-trace-event
2498 silly ADD node_modules/acorn-import-phases
2499 silly ADD node_modules/@webassemblyjs/wasm-parser
2500 silly ADD node_modules/@webassemblyjs/wasm-edit
2501 silly ADD node_modules/@webassemblyjs/ast
2502 silly ADD node_modules/@types/eslint-scope
2503 silly ADD node_modules/source-map
2504 silly ADD node_modules/buffer-from
2505 silly ADD node_modules/source-map-support
2506 silly ADD node_modules/commander
2507 silly ADD node_modules/@jridgewell/source-map
2508 silly ADD node_modules/randombytes
2509 silly ADD node_modules/merge-stream
2510 silly ADD node_modules/terser
2511 silly ADD node_modules/serialize-javascript
2512 silly ADD node_modules/jest-worker
2513 silly ADD node_modules/jest-worker/node_modules/supports-color
2514 silly ADD node_modules/ajv-keywords
2515 silly ADD node_modules/wrappy
2516 silly ADD node_modules/path-is-absolute
2517 silly ADD node_modules/once
2518 silly ADD node_modules/inflight
2519 silly ADD node_modules/fs.realpath
2520 silly ADD node_modules/glob
2521 silly ADD node_modules/emojis-list
2522 silly ADD node_modules/big.js
2523 silly ADD node_modules/path-is-inside
2524 silly ADD node_modules/is-path-inside
2525 silly ADD node_modules/path-type
2526 silly ADD node_modules/slash
2527 silly ADD node_modules/dir-glob
2528 silly ADD node_modules/array-union
2529 silly ADD node_modules/pkg-dir
2530 silly ADD node_modules/pkg-dir/node_modules/p-limit
2531 silly ADD node_modules/pkg-dir/node_modules/p-locate
2532 silly ADD node_modules/pkg-dir/node_modules/locate-path
2533 silly ADD node_modules/pkg-dir/node_modules/find-up
2534 silly ADD node_modules/commondir
2535 silly ADD node_modules/@types/minimatch
2536 silly ADD node_modules/rimraf
2537 silly ADD node_modules/pify
2538 silly ADD node_modules/p-map
2539 silly ADD node_modules/is-path-in-cwd
2540 silly ADD node_modules/is-path-cwd
2541 silly ADD node_modules/@types/glob
2542 silly ADD node_modules/del
2543 silly ADD node_modules/del/node_modules/array-union
2544 silly ADD node_modules/del/node_modules/globby
2545 silly ADD node_modules/del/node_modules/globby/node_modules/pify
2546 silly ADD node_modules/schema-utils
2547 silly ADD node_modules/make-dir
2548 silly ADD node_modules/loader-utils
2549 silly ADD node_modules/find-cache-dir
2550 silly ADD node_modules/workbox-window
2551 silly ADD node_modules/workbox-webpack-plugin
2552 silly ADD node_modules/workbox-webpack-plugin/node_modules/webpack-sources
2553 silly ADD node_modules/terser-webpack-plugin
2554 silly ADD node_modules/terser-webpack-plugin/node_modules/json-schema-traverse
2555 silly ADD node_modules/terser-webpack-plugin/node_modules/ajv-keywords
2556 silly ADD node_modules/terser-webpack-plugin/node_modules/ajv
2557 silly ADD node_modules/terser-webpack-plugin/node_modules/schema-utils
2558 silly ADD node_modules/globby
2559 silly ADD node_modules/clean-webpack-plugin
2560 silly ADD node_modules/webpack
2561 silly ADD node_modules/webpack/node_modules/json-schema-traverse
2562 silly ADD node_modules/webpack/node_modules/ajv-keywords
2563 silly ADD node_modules/webpack/node_modules/ajv
2564 silly ADD node_modules/webpack/node_modules/estraverse
2565 silly ADD node_modules/webpack/node_modules/schema-utils
2566 silly ADD node_modules/webpack/node_modules/eslint-scope
2567 silly ADD node_modules/babel-loader
2568 silly ADD node_modules/next-pwa
2569 verbose cwd C:\Users\rivej\Documents\alphalog-pwa
2570 verbose os Windows_NT 10.0.26200
2571 verbose node v24.13.0
2572 verbose npm  v11.6.2
2573 verbose exit 0
2574 info ok
